,id,id,id,id,id,id,id,id,id,id,id,id,id,id,id,id,id,id,id,id,id,id,id,id,parent,parent,parent,parent,parent,parent,parent,parent,parent,parent,parent,parent,parent,parent,parent,parent,parent,parent,parent,parent,parent,parent,parent,parent,Sequence,Sequence,Sequence,Sequence,Sequence,Sequence,Sequence,Sequence,Sequence,Sequence,Sequence,Sequence,Sequence,Sequence,Sequence,Sequence,Sequence,Sequence,Sequence,Sequence,Sequence,Sequence,Sequence,Sequence
,1,2,3,4,5,6,7,8,9,10,11,12,13,14,15,16,17,18,19,20,21,22,23,24,1,2,3,4,5,6,7,8,9,10,11,12,13,14,15,16,17,18,19,20,21,22,23,24,1,2,3,4,5,6,7,8,9,10,11,12,13,14,15,16,17,18,19,20,21,22,23,24
A,1_1,1_2,1_3,1_4,1_5,1_6,1_7,1_8,1_9,1_1,1_11,1_12,1_13,1_14,1_15,2_1,2_2,2_3,2_4,2_5,2_6,2_7,2_8,2_9,1,1,1,1,1,1,1,1,1,1,1,1,1,1,1,2,2,2,2,2,2,2,2,2,CACAGCAGCGGCCATNNKGAAGGCCGTCATATGACCTCCCGTGATGGCTATCAGTGGACGCCGGAAACCGGCCTTA,CACAGCAGCGGCCATATTNNKGGCCGTCATATGACCTCCCGTGATGGCTATCAGTGGACGCCGGAAACCGGCCTTA,CACAGCAGCGGCCATATTGAANNKCGTCATATGACCTCCCGTGATGGCTATCAGTGGACGCCGGAAACCGGCCTTA,CACAGCAGCGGCCATATTGAAGGCNNKCATATGACCTCCCGTGATGGCTATCAGTGGACGCCGGAAACCGGCCTTA,CACAGCAGCGGCCATATTGAAGGCCGTNNKATGACCTCCCGTGATGGCTATCAGTGGACGCCGGAAACCGGCCTTA,CACAGCAGCGGCCATATTGAAGGCCGTCATNNKACCTCCCGTGATGGCTATCAGTGGACGCCGGAAACCGGCCTTA,CACAGCAGCGGCCATATTGAAGGCCGTCATATGNNKTCCCGTGATGGCTATCAGTGGACGCCGGAAACCGGCCTTA,CACAGCAGCGGCCATATTGAAGGCCGTCATATGACCNNKCGTGATGGCTATCAGTGGACGCCGGAAACCGGCCTTA,CACAGCAGCGGCCATATTGAAGGCCGTCATATGACCTCCNNKGATGGCTATCAGTGGACGCCGGAAACCGGCCTTA,CACAGCAGCGGCCATATTGAAGGCCGTCATATGACCTCCCGTNNKGGCTATCAGTGGACGCCGGAAACCGGCCTTA,CACAGCAGCGGCCATATTGAAGGCCGTCATATGACCTCCCGTGATNNKTATCAGTGGACGCCGGAAACCGGCCTTA,CACAGCAGCGGCCATATTGAAGGCCGTCATATGACCTCCCGTGATGGCNNKCAGTGGACGCCGGAAACCGGCCTTA,CACAGCAGCGGCCATATTGAAGGCCGTCATATGACCTCCCGTGATGGCTATNNKTGGACGCCGGAAACCGGCCTTA,CACAGCAGCGGCCATATTGAAGGCCGTCATATGACCTCCCGTGATGGCTATCAGNNKACGCCGGAAACCGGCCTTA,CACAGCAGCGGCCATATTGAAGGCCGTCATATGACCTCCCGTGATGGCTATCAGTGGNNKCCGGAAACCGGCCTTA,TCTTTATCGGTATCCTCGATMNNGGTCGGAGGGCTAATCACTCCCAGGCTCGGCACACCCTGGGTAAGGCCGGTTTCCG,TCTTTATCGGTATCCTCGATATTMNNCGGAGGGCTAATCACTCCCAGGCTCGGCACACCCTGGGTAAGGCCGGTTTCCG,TCTTTATCGGTATCCTCGATATTGGTMNNAGGGCTAATCACTCCCAGGCTCGGCACACCCTGGGTAAGGCCGGTTTCCG,TCTTTATCGGTATCCTCGATATTGGTCGGMNNGCTAATCACTCCCAGGCTCGGCACACCCTGGGTAAGGCCGGTTTCCG,TCTTTATCGGTATCCTCGATATTGGTCGGAGGMNNAATCACTCCCAGGCTCGGCACACCCTGGGTAAGGCCGGTTTCCG,TCTTTATCGGTATCCTCGATATTGGTCGGAGGGCTMNNCACTCCCAGGCTCGGCACACCCTGGGTAAGGCCGGTTTCCG,TCTTTATCGGTATCCTCGATATTGGTCGGAGGGCTAATMNNTCCCAGGCTCGGCACACCCTGGGTAAGGCCGGTTTCCG,TCTTTATCGGTATCCTCGATATTGGTCGGAGGGCTAATCACMNNCAGGCTCGGCACACCCTGGGTAAGGCCGGTTTCCG,TCTTTATCGGTATCCTCGATATTGGTCGGAGGGCTAATCACTCCMNNGCTCGGCACACCCTGGGTAAGGCCGGTTTCCG
B,2_1,2_11,2_12,2_13,2_14,3_1,3_2,3_3,3_4,3_5,3_6,3_7,3_8,3_9,3_1,3_11,3_12,3_13,4_1,4_2,4_3,4_4,4_5,4_6,2,2,2,2,2,3,3,3,3,3,3,3,3,3,3,3,3,3,4,4,4,4,4,4,TCTTTATCGGTATCCTCGATATTGGTCGGAGGGCTAATCACTCCCAGMNNCGGCACACCCTGGGTAAGGCCGGTTTCCG,TCTTTATCGGTATCCTCGATATTGGTCGGAGGGCTAATCACTCCCAGGCTMNNCACACCCTGGGTAAGGCCGGTTTCCG,TCTTTATCGGTATCCTCGATATTGGTCGGAGGGCTAATCACTCCCAGGCTCGGMNNACCCTGGGTAAGGCCGGTTTCCG,TCTTTATCGGTATCCTCGATATTGGTCGGAGGGCTAATCACTCCCAGGCTCGGCACMNNCTGGGTAAGGCCGGTTTCCG,TCTTTATCGGTATCCTCGATATTGGTCGGAGGGCTAATCACTCCCAGGCTCGGCACACCMNNGGTAAGGCCGGTTTCCG,TCGAGGATACCGATAAAGATNNKCCGTGGGATGTGATTGTGATTGGCGGCGGCTATTGCGGCTTAACCGCCACGC,TCGAGGATACCGATAAAGATGGCNNKTGGGATGTGATTGTGATTGGCGGCGGCTATTGCGGCTTAACCGCCACGC,TCGAGGATACCGATAAAGATGGCCCGNNKGATGTGATTGTGATTGGCGGCGGCTATTGCGGCTTAACCGCCACGC,TCGAGGATACCGATAAAGATGGCCCGTGGNNKGTGATTGTGATTGGCGGCGGCTATTGCGGCTTAACCGCCACGC,TCGAGGATACCGATAAAGATGGCCCGTGGGATNNKATTGTGATTGGCGGCGGCTATTGCGGCTTAACCGCCACGC,TCGAGGATACCGATAAAGATGGCCCGTGGGATGTGNNKGTGATTGGCGGCGGCTATTGCGGCTTAACCGCCACGC,TCGAGGATACCGATAAAGATGGCCCGTGGGATGTGATTNNKATTGGCGGCGGCTATTGCGGCTTAACCGCCACGC,TCGAGGATACCGATAAAGATGGCCCGTGGGATGTGATTGTGNNKGGCGGCGGCTATTGCGGCTTAACCGCCACGC,TCGAGGATACCGATAAAGATGGCCCGTGGGATGTGATTGTGATTNNKGGCGGCTATTGCGGCTTAACCGCCACGC,TCGAGGATACCGATAAAGATGGCCCGTGGGATGTGATTGTGATTGGCNNKGGCTATTGCGGCTTAACCGCCACGC,TCGAGGATACCGATAAAGATGGCCCGTGGGATGTGATTGTGATTGGCGGCNNKTATTGCGGCTTAACCGCCACGC,TCGAGGATACCGATAAAGATGGCCCGTGGGATGTGATTGTGATTGGCGGCGGCNNKTGCGGCTTAACCGCCACGC,TCGAGGATACCGATAAAGATGGCCCGTGGGATGTGATTGTGATTGGCGGCGGCTATNNKGGCTTAACCGCCACGC,CGCCGATACGATCACGMNNTTCCAGCAGCAGGGTTTTAAAGCCCGCCACCGTCAGATCGCGCGTGGCGGTTAAGC,CGCCGATACGATCACGCGCMNNCAGCAGCAGGGTTTTAAAGCCCGCCACCGTCAGATCGCGCGTGGCGGTTAAGC,CGCCGATACGATCACGCGCTTCMNNCAGCAGGGTTTTAAAGCCCGCCACCGTCAGATCGCGCGTGGCGGTTAAGC,CGCCGATACGATCACGCGCTTCCAGMNNCAGGGTTTTAAAGCCCGCCACCGTCAGATCGCGCGTGGCGGTTAAGC,CGCCGATACGATCACGCGCTTCCAGCAGMNNGGTTTTAAAGCCCGCCACCGTCAGATCGCGCGTGGCGGTTAAGC,CGCCGATACGATCACGCGCTTCCAGCAGCAGMNNTTTAAAGCCCGCCACCGTCAGATCGCGCGTGGCGGTTAAGC
C,4_7,4_8,4_9,4_1,4_11,4_12,4_13,4_14,5_1,5_2,5_3,5_4,5_5,5_6,5_7,5_8,5_9,5_1,5_11,5_12,5_13,5_14,6_1,6_2,4,4,4,4,4,4,4,4,5,5,5,5,5,5,5,5,5,5,5,5,5,5,6,6,CGCCGATACGATCACGCGCTTCCAGCAGCAGGGTMNNAAAGCCCGCCACCGTCAGATCGCGCGTGGCGGTTAAGC,CGCCGATACGATCACGCGCTTCCAGCAGCAGGGTTTTMNNGCCCGCCACCGTCAGATCGCGCGTGGCGGTTAAGC,CGCCGATACGATCACGCGCTTCCAGCAGCAGGGTTTTAAAMNNCGCCACCGTCAGATCGCGCGTGGCGGTTAAGC,CGCCGATACGATCACGCGCTTCCAGCAGCAGGGTTTTAAAGCCMNNCACCGTCAGATCGCGCGTGGCGGTTAAGC,CGCCGATACGATCACGCGCTTCCAGCAGCAGGGTTTTAAAGCCCGCMNNCGTCAGATCGCGCGTGGCGGTTAAGC,CGCCGATACGATCACGCGCTTCCAGCAGCAGGGTTTTAAAGCCCGCCACMNNCAGATCGCGCGTGGCGGTTAAGC,CGCCGATACGATCACGCGCTTCCAGCAGCAGGGTTTTAAAGCCCGCCACCGTMNNATCGCGCGTGGCGGTTAAGC,CGCCGATACGATCACGCGCTTCCAGCAGCAGGGTTTTAAAGCCCGCCACCGTCAGMNNGCGCGTGGCGGTTAAGC,CGTGATCGTATCGGCGGTNNKTCGTGGTCTAGCAATATCGACGGCTATCCGTATGAAATGGGCGGCACTTGGGTTC,CGTGATCGTATCGGCGGTCGCNNKTGGTCTAGCAATATCGACGGCTATCCGTATGAAATGGGCGGCACTTGGGTTC,CGTGATCGTATCGGCGGTCGCTCGNNKTCTAGCAATATCGACGGCTATCCGTATGAAATGGGCGGCACTTGGGTTC,CGTGATCGTATCGGCGGTCGCTCGTGGNNKAGCAATATCGACGGCTATCCGTATGAAATGGGCGGCACTTGGGTTC,CGTGATCGTATCGGCGGTCGCTCGTGGTCTNNKAATATCGACGGCTATCCGTATGAAATGGGCGGCACTTGGGTTC,CGTGATCGTATCGGCGGTCGCTCGTGGTCTAGCNNKATCGACGGCTATCCGTATGAAATGGGCGGCACTTGGGTTC,CGTGATCGTATCGGCGGTCGCTCGTGGTCTAGCAATNNKGACGGCTATCCGTATGAAATGGGCGGCACTTGGGTTC,CGTGATCGTATCGGCGGTCGCTCGTGGTCTAGCAATATCNNKGGCTATCCGTATGAAATGGGCGGCACTTGGGTTC,CGTGATCGTATCGGCGGTCGCTCGTGGTCTAGCAATATCGACNNKTATCCGTATGAAATGGGCGGCACTTGGGTTC,CGTGATCGTATCGGCGGTCGCTCGTGGTCTAGCAATATCGACGGCNNKCCGTATGAAATGGGCGGCACTTGGGTTC,CGTGATCGTATCGGCGGTCGCTCGTGGTCTAGCAATATCGACGGCTATNNKTATGAAATGGGCGGCACTTGGGTTC,CGTGATCGTATCGGCGGTCGCTCGTGGTCTAGCAATATCGACGGCTATCCGNNKGAAATGGGCGGCACTTGGGTTC,CGTGATCGTATCGGCGGTCGCTCGTGGTCTAGCAATATCGACGGCTATCCGTATNNKATGGGCGGCACTTGGGTTC,CGTGATCGTATCGGCGGTCGCTCGTGGTCTAGCAATATCGACGGCTATCCGTATGAANNKGGCGGCACTTGGGTTC,CTCAGTGCATTGTGCATTTTATAMNNGGTAATTTCGCGCCACACGTGGCTCTGATGCCAATGAACCCAAGTGCCGC,CTCAGTGCATTGTGCATTTTATAGCGMNNAATTTCGCGCCACACGTGGCTCTGATGCCAATGAACCCAAGTGCCGC
D,6_3,6_4,6_5,6_6,6_7,6_8,6_9,6_1,6_11,6_12,7_1,7_2,7_3,7_4,7_5,7_6,7_7,7_8,7_9,7_1,8_1,8_2,8_3,8_4,6,6,6,6,6,6,6,6,6,6,7,7,7,7,7,7,7,7,7,7,8,8,8,8,CTCAGTGCATTGTGCATTTTATAGCGGGTMNNTTCGCGCCACACGTGGCTCTGATGCCAATGAACCCAAGTGCCGC,CTCAGTGCATTGTGCATTTTATAGCGGGTAATMNNGCGCCACACGTGGCTCTGATGCCAATGAACCCAAGTGCCGC,CTCAGTGCATTGTGCATTTTATAGCGGGTAATTTCMNNCCACACGTGGCTCTGATGCCAATGAACCCAAGTGCCGC,CTCAGTGCATTGTGCATTTTATAGCGGGTAATTTCGCGMNNCACGTGGCTCTGATGCCAATGAACCCAAGTGCCGC,CTCAGTGCATTGTGCATTTTATAGCGGGTAATTTCGCGCCAMNNGTGGCTCTGATGCCAATGAACCCAAGTGCCGC,CTCAGTGCATTGTGCATTTTATAGCGGGTAATTTCGCGCCACACMNNGCTCTGATGCCAATGAACCCAAGTGCCGC,CTCAGTGCATTGTGCATTTTATAGCGGGTAATTTCGCGCCACACGTGMNNCTGATGCCAATGAACCCAAGTGCCGC,CTCAGTGCATTGTGCATTTTATAGCGGGTAATTTCGCGCCACACGTGGCTMNNATGCCAATGAACCCAAGTGCCGC,CTCAGTGCATTGTGCATTTTATAGCGGGTAATTTCGCGCCACACGTGGCTCTGMNNCCAATGAACCCAAGTGCCGC,CTCAGTGCATTGTGCATTTTATAGCGGGTAATTTCGCGCCACACGTGGCTCTGATGMNNATGAACCCAAGTGCCGC,TATAAAATGCACAATGCACTGAGCNNKAGCTTCAATTTTAGCCGTGGCGTGAACCATTTTCAGCTGCGCACC,TATAAAATGCACAATGCACTGAGCCCGNNKTTCAATTTTAGCCGTGGCGTGAACCATTTTCAGCTGCGCACC,TATAAAATGCACAATGCACTGAGCCCGAGCNNKAATTTTAGCCGTGGCGTGAACCATTTTCAGCTGCGCACC,TATAAAATGCACAATGCACTGAGCCCGAGCTTCNNKTTTAGCCGTGGCGTGAACCATTTTCAGCTGCGCACC,TATAAAATGCACAATGCACTGAGCCCGAGCTTCAATNNKAGCCGTGGCGTGAACCATTTTCAGCTGCGCACC,TATAAAATGCACAATGCACTGAGCCCGAGCTTCAATTTTNNKCGTGGCGTGAACCATTTTCAGCTGCGCACC,TATAAAATGCACAATGCACTGAGCCCGAGCTTCAATTTTAGCNNKGGCGTGAACCATTTTCAGCTGCGCACC,TATAAAATGCACAATGCACTGAGCCCGAGCTTCAATTTTAGCCGTNNKGTGAACCATTTTCAGCTGCGCACC,TATAAAATGCACAATGCACTGAGCCCGAGCTTCAATTTTAGCCGTGGCNNKAACCATTTTCAGCTGCGCACC,TATAAAATGCACAATGCACTGAGCCCGAGCTTCAATTTTAGCCGTGGCGTGNNKCATTTTCAGCTGCGCACC,GCCGAACGTAATAATTCGTCMNNCGCTTCGTGGGTCATATAGGTGCTGGTGGTCGGATTGGTGCGCAGCTGAAAAT,GCCGAACGTAATAATTCGTCTTCMNNTTCGTGGGTCATATAGGTGCTGGTGGTCGGATTGGTGCGCAGCTGAAAAT,GCCGAACGTAATAATTCGTCTTCCGCMNNGTGGGTCATATAGGTGCTGGTGGTCGGATTGGTGCGCAGCTGAAAAT,GCCGAACGTAATAATTCGTCTTCCGCTTCMNNGGTCATATAGGTGCTGGTGGTCGGATTGGTGCGCAGCTGAAAAT
E,8_5,8_6,8_7,8_8,8_9,8_1,8_11,8_12,8_13,9_1,9_2,9_3,9_4,9_5,9_6,9_7,9_8,9_9,9_1,9_11,9_12,10_1,10_2,10_3,8,8,8,8,8,8,8,8,8,9,9,9,9,9,9,9,9,9,9,9,9,10,10,10,GCCGAACGTAATAATTCGTCTTCCGCTTCGTGMNNCATATAGGTGCTGGTGGTCGGATTGGTGCGCAGCTGAAAAT,GCCGAACGTAATAATTCGTCTTCCGCTTCGTGGGTMNNATAGGTGCTGGTGGTCGGATTGGTGCGCAGCTGAAAAT,GCCGAACGTAATAATTCGTCTTCCGCTTCGTGGGTCATMNNGGTGCTGGTGGTCGGATTGGTGCGCAGCTGAAAAT,GCCGAACGTAATAATTCGTCTTCCGCTTCGTGGGTCATATAMNNGCTGGTGGTCGGATTGGTGCGCAGCTGAAAAT,GCCGAACGTAATAATTCGTCTTCCGCTTCGTGGGTCATATAGGTMNNGGTGGTCGGATTGGTGCGCAGCTGAAAAT,GCCGAACGTAATAATTCGTCTTCCGCTTCGTGGGTCATATAGGTGCTMNNGGTCGGATTGGTGCGCAGCTGAAAAT,GCCGAACGTAATAATTCGTCTTCCGCTTCGTGGGTCATATAGGTGCTGGTMNNCGGATTGGTGCGCAGCTGAAAAT,GCCGAACGTAATAATTCGTCTTCCGCTTCGTGGGTCATATAGGTGCTGGTGGTMNNATTGGTGCGCAGCTGAAAAT,GCCGAACGTAATAATTCGTCTTCCGCTTCGTGGGTCATATAGGTGCTGGTGGTCGGMNNGGTGCGCAGCTGAAAAT,GACGAATTATTACGTTCGGCGNNKCATAAATTTACCAACGTGGATGGCACCAATGGTCGTACCGTTCTGCCG,GACGAATTATTACGTTCGGCGCTGNNKAAATTTACCAACGTGGATGGCACCAATGGTCGTACCGTTCTGCCG,GACGAATTATTACGTTCGGCGCTGCATNNKTTTACCAACGTGGATGGCACCAATGGTCGTACCGTTCTGCCG,GACGAATTATTACGTTCGGCGCTGCATAAANNKACCAACGTGGATGGCACCAATGGTCGTACCGTTCTGCCG,GACGAATTATTACGTTCGGCGCTGCATAAATTTNNKAACGTGGATGGCACCAATGGTCGTACCGTTCTGCCG,GACGAATTATTACGTTCGGCGCTGCATAAATTTACCNNKGTGGATGGCACCAATGGTCGTACCGTTCTGCCG,GACGAATTATTACGTTCGGCGCTGCATAAATTTACCAACNNKGATGGCACCAATGGTCGTACCGTTCTGCCG,GACGAATTATTACGTTCGGCGCTGCATAAATTTACCAACGTGNNKGGCACCAATGGTCGTACCGTTCTGCCG,GACGAATTATTACGTTCGGCGCTGCATAAATTTACCAACGTGGATNNKACCAATGGTCGTACCGTTCTGCCG,GACGAATTATTACGTTCGGCGCTGCATAAATTTACCAACGTGGATGGCNNKAATGGTCGTACCGTTCTGCCG,GACGAATTATTACGTTCGGCGCTGCATAAATTTACCAACGTGGATGGCACCNNKGGTCGTACCGTTCTGCCG,GACGAATTATTACGTTCGGCGCTGCATAAATTTACCAACGTGGATGGCACCAATNNKCGTACCGTTCTGCCG,GCTGTAGCTCATTTCGTCATAMNNGCGAAATTCCGGCACATAAAACATATCATGCGGAAACGGCAGAACGGTACG,GCTGTAGCTCATTTCGTCATATTTMNNAAATTCCGGCACATAAAACATATCATGCGGAAACGGCAGAACGGTACG,GCTGTAGCTCATTTCGTCATATTTGCGMNNTTCCGGCACATAAAACATATCATGCGGAAACGGCAGAACGGTACG
F,10_4,10_5,10_6,10_7,10_8,10_9,10_1,10_11,10_12,10_13,11_1,11_2,11_3,11_4,11_5,11_6,11_7,11_8,11_9,11_1,11_11,12_1,12_2,12_3,10,10,10,10,10,10,10,10,10,10,11,11,11,11,11,11,11,11,11,11,11,12,12,12,GCTGTAGCTCATTTCGTCATATTTGCGAAAMNNCGGCACATAAAACATATCATGCGGAAACGGCAGAACGGTACG,GCTGTAGCTCATTTCGTCATATTTGCGAAATTCMNNCACATAAAACATATCATGCGGAAACGGCAGAACGGTACG,GCTGTAGCTCATTTCGTCATATTTGCGAAATTCCGGMNNATAAAACATATCATGCGGAAACGGCAGAACGGTACG,GCTGTAGCTCATTTCGTCATATTTGCGAAATTCCGGCACMNNAAACATATCATGCGGAAACGGCAGAACGGTACG,GCTGTAGCTCATTTCGTCATATTTGCGAAATTCCGGCACATAMNNCATATCATGCGGAAACGGCAGAACGGTACG,GCTGTAGCTCATTTCGTCATATTTGCGAAATTCCGGCACATAAAAMNNATCATGCGGAAACGGCAGAACGGTACG,GCTGTAGCTCATTTCGTCATATTTGCGAAATTCCGGCACATAAAACATMNNATGCGGAAACGGCAGAACGGTACG,GCTGTAGCTCATTTCGTCATATTTGCGAAATTCCGGCACATAAAACATATCMNNCGGAAACGGCAGAACGGTACG,GCTGTAGCTCATTTCGTCATATTTGCGAAATTCCGGCACATAAAACATATCATGMNNAAACGGCAGAACGGTACG,GCTGTAGCTCATTTCGTCATATTTGCGAAATTCCGGCACATAAAACATATCATGCGGMNNCGGCAGAACGGTACG,ATGACGAAATGAGCTACAGCNNKCGTATTGATCAGATCCGTGATGAACTGTCTCTGAACGAGCGCAGCT,ATGACGAAATGAGCTACAGCGAANNKATTGATCAGATCCGTGATGAACTGTCTCTGAACGAGCGCAGCT,ATGACGAAATGAGCTACAGCGAACGTNNKGATCAGATCCGTGATGAACTGTCTCTGAACGAGCGCAGCT,ATGACGAAATGAGCTACAGCGAACGTATTNNKCAGATCCGTGATGAACTGTCTCTGAACGAGCGCAGCT,ATGACGAAATGAGCTACAGCGAACGTATTGATNNKATCCGTGATGAACTGTCTCTGAACGAGCGCAGCT,ATGACGAAATGAGCTACAGCGAACGTATTGATCAGNNKCGTGATGAACTGTCTCTGAACGAGCGCAGCT,ATGACGAAATGAGCTACAGCGAACGTATTGATCAGATCNNKGATGAACTGTCTCTGAACGAGCGCAGCT,ATGACGAAATGAGCTACAGCGAACGTATTGATCAGATCCGTNNKGAACTGTCTCTGAACGAGCGCAGCT,ATGACGAAATGAGCTACAGCGAACGTATTGATCAGATCCGTGATNNKCTGTCTCTGAACGAGCGCAGCT,ATGACGAAATGAGCTACAGCGAACGTATTGATCAGATCCGTGATGAANNKTCTCTGAACGAGCGCAGCT,ATGACGAAATGAGCTACAGCGAACGTATTGATCAGATCCGTGATGAACTGNNKCTGAACGAGCGCAGCT,TCGCCGAAACTACTATTTTCMNNGGTACCGCCCGAGCACAGCAGAATAAAGGCTTCCAGAGAGCTGCGCTCGTTCA,TCGCCGAAACTACTATTTTCCAGMNNACCGCCCGAGCACAGCAGAATAAAGGCTTCCAGAGAGCTGCGCTCGTTCA,TCGCCGAAACTACTATTTTCCAGGGTMNNGCCCGAGCACAGCAGAATAAAGGCTTCCAGAGAGCTGCGCTCGTTCA
G,12_4,12_5,12_6,12_7,12_8,12_9,12_1,12_11,12_12,12_13,13_1,13_2,13_3,13_4,13_5,13_6,13_7,13_8,13_9,13_1,13_11,13_12,14_1,14_2,12,12,12,12,12,12,12,12,12,12,13,13,13,13,13,13,13,13,13,13,13,13,14,14,TCGCCGAAACTACTATTTTCCAGGGTACCMNNCGAGCACAGCAGAATAAAGGCTTCCAGAGAGCTGCGCTCGTTCA,TCGCCGAAACTACTATTTTCCAGGGTACCGCCMNNGCACAGCAGAATAAAGGCTTCCAGAGAGCTGCGCTCGTTCA,TCGCCGAAACTACTATTTTCCAGGGTACCGCCCGAMNNCAGCAGAATAAAGGCTTCCAGAGAGCTGCGCTCGTTCA,TCGCCGAAACTACTATTTTCCAGGGTACCGCCCGAGCAMNNCAGAATAAAGGCTTCCAGAGAGCTGCGCTCGTTCA,TCGCCGAAACTACTATTTTCCAGGGTACCGCCCGAGCACAGMNNAATAAAGGCTTCCAGAGAGCTGCGCTCGTTCA,TCGCCGAAACTACTATTTTCCAGGGTACCGCCCGAGCACAGCAGMNNAAAGGCTTCCAGAGAGCTGCGCTCGTTCA,TCGCCGAAACTACTATTTTCCAGGGTACCGCCCGAGCACAGCAGAATMNNGGCTTCCAGAGAGCTGCGCTCGTTCA,TCGCCGAAACTACTATTTTCCAGGGTACCGCCCGAGCACAGCAGAATAAAMNNTTCCAGAGAGCTGCGCTCGTTCA,TCGCCGAAACTACTATTTTCCAGGGTACCGCCCGAGCACAGCAGAATAAAGGCMNNCAGAGAGCTGCGCTCGTTCA,TCGCCGAAACTACTATTTTCCAGGGTACCGCCCGAGCACAGCAGAATAAAGGCTTCMNNAGAGCTGCGCTCGTTCA,GAAAATAGTAGTTTCGGCGAANNKCTGCATTGGTGGGCCATGAGCGGCTATACCTATCAGGGCTGTATGGATTGC,GAAAATAGTAGTTTCGGCGAATTTNNKCATTGGTGGGCCATGAGCGGCTATACCTATCAGGGCTGTATGGATTGC,GAAAATAGTAGTTTCGGCGAATTTCTGNNKTGGTGGGCCATGAGCGGCTATACCTATCAGGGCTGTATGGATTGC,GAAAATAGTAGTTTCGGCGAATTTCTGCATNNKTGGGCCATGAGCGGCTATACCTATCAGGGCTGTATGGATTGC,GAAAATAGTAGTTTCGGCGAATTTCTGCATTGGNNKGCCATGAGCGGCTATACCTATCAGGGCTGTATGGATTGC,GAAAATAGTAGTTTCGGCGAATTTCTGCATTGGTGGNNKATGAGCGGCTATACCTATCAGGGCTGTATGGATTGC,GAAAATAGTAGTTTCGGCGAATTTCTGCATTGGTGGGCCNNKAGCGGCTATACCTATCAGGGCTGTATGGATTGC,GAAAATAGTAGTTTCGGCGAATTTCTGCATTGGTGGGCCATGNNKGGCTATACCTATCAGGGCTGTATGGATTGC,GAAAATAGTAGTTTCGGCGAATTTCTGCATTGGTGGGCCATGAGCNNKTATACCTATCAGGGCTGTATGGATTGC,GAAAATAGTAGTTTCGGCGAATTTCTGCATTGGTGGGCCATGAGCGGCNNKACCTATCAGGGCTGTATGGATTGC,GAAAATAGTAGTTTCGGCGAATTTCTGCATTGGTGGGCCATGAGCGGCTATNNKTATCAGGGCTGTATGGATTGC,GAAAATAGTAGTTTCGGCGAATTTCTGCATTGGTGGGCCATGAGCGGCTATACCNNKCAGGGCTGTATGGATTGC,TCTTCCCAAAAGCGGCGMNNAAACGCGCTCTGACCATCTTTAAATTTATAGCTCATCAGGCAATCCATACAGCCCT,TCTTCCCAAAAGCGGCGCGCMNNCGCGCTCTGACCATCTTTAAATTTATAGCTCATCAGGCAATCCATACAGCCCT
H,14_3,14_4,14_5,14_6,14_7,14_8,14_9,14_1,14_11,14_12,14_13,14_14,15_1,15_2,15_3,15_4,15_5,15_6,15_7,15_8,15_9,15_1,15_11,15_12,14,14,14,14,14,14,14,14,14,14,14,14,15,15,15,15,15,15,15,15,15,15,15,15,TCTTCCCAAAAGCGGCGCGCAAAMNNGCTCTGACCATCTTTAAATTTATAGCTCATCAGGCAATCCATACAGCCCT,TCTTCCCAAAAGCGGCGCGCAAACGCMNNCTGACCATCTTTAAATTTATAGCTCATCAGGCAATCCATACAGCCCT,TCTTCCCAAAAGCGGCGCGCAAACGCGCTMNNACCATCTTTAAATTTATAGCTCATCAGGCAATCCATACAGCCCT,TCTTCCCAAAAGCGGCGCGCAAACGCGCTCTGMNNATCTTTAAATTTATAGCTCATCAGGCAATCCATACAGCCCT,TCTTCCCAAAAGCGGCGCGCAAACGCGCTCTGACCMNNTTTAAATTTATAGCTCATCAGGCAATCCATACAGCCCT,TCTTCCCAAAAGCGGCGCGCAAACGCGCTCTGACCATCMNNAAATTTATAGCTCATCAGGCAATCCATACAGCCCT,TCTTCCCAAAAGCGGCGCGCAAACGCGCTCTGACCATCTTTMNNTTTATAGCTCATCAGGCAATCCATACAGCCCT,TCTTCCCAAAAGCGGCGCGCAAACGCGCTCTGACCATCTTTAAAMNNATAGCTCATCAGGCAATCCATACAGCCCT,TCTTCCCAAAAGCGGCGCGCAAACGCGCTCTGACCATCTTTAAATTTMNNGCTCATCAGGCAATCCATACAGCCCT,TCTTCCCAAAAGCGGCGCGCAAACGCGCTCTGACCATCTTTAAATTTATAMNNCATCAGGCAATCCATACAGCCCT,TCTTCCCAAAAGCGGCGCGCAAACGCGCTCTGACCATCTTTAAATTTATAGCTMNNCAGGCAATCCATACAGCCCT,TCTTCCCAAAAGCGGCGCGCAAACGCGCTCTGACCATCTTTAAATTTATAGCTCATMNNGCAATCCATACAGCCCT,GCCGCTTTTGGGAAGAANNKGCAGGCACCGGCCGTCTGGGCTATGTGTTTGGTTGCCCGGTCCGCTCGGTTGTGA,GCCGCTTTTGGGAAGAAGCCNNKGGCACCGGCCGTCTGGGCTATGTGTTTGGTTGCCCGGTCCGCTCGGTTGTGA,GCCGCTTTTGGGAAGAAGCCGCANNKACCGGCCGTCTGGGCTATGTGTTTGGTTGCCCGGTCCGCTCGGTTGTGA,GCCGCTTTTGGGAAGAAGCCGCAGGCNNKGGCCGTCTGGGCTATGTGTTTGGTTGCCCGGTCCGCTCGGTTGTGA,GCCGCTTTTGGGAAGAAGCCGCAGGCACCNNKCGTCTGGGCTATGTGTTTGGTTGCCCGGTCCGCTCGGTTGTGA,GCCGCTTTTGGGAAGAAGCCGCAGGCACCGGCNNKCTGGGCTATGTGTTTGGTTGCCCGGTCCGCTCGGTTGTGA,GCCGCTTTTGGGAAGAAGCCGCAGGCACCGGCCGTNNKGGCTATGTGTTTGGTTGCCCGGTCCGCTCGGTTGTGA,GCCGCTTTTGGGAAGAAGCCGCAGGCACCGGCCGTCTGNNKTATGTGTTTGGTTGCCCGGTCCGCTCGGTTGTGA,GCCGCTTTTGGGAAGAAGCCGCAGGCACCGGCCGTCTGGGCNNKGTGTTTGGTTGCCCGGTCCGCTCGGTTGTGA,GCCGCTTTTGGGAAGAAGCCGCAGGCACCGGCCGTCTGGGCTATNNKTTTGGTTGCCCGGTCCGCTCGGTTGTGA,GCCGCTTTTGGGAAGAAGCCGCAGGCACCGGCCGTCTGGGCTATGTGNNKGGTTGCCCGGTCCGCTCGGTTGTGA,GCCGCTTTTGGGAAGAAGCCGCAGGCACCGGCCGTCTGGGCTATGTGTTTNNKTGCCCGGTCCGCTCGGTTGTGA
I,15_13,15_14,16_1,16_2,16_3,16_4,16_5,16_6,16_7,16_8,16_9,16_1,16_11,16_12,16_13,17_1,17_2,17_3,17_4,17_5,17_6,17_7,17_8,17_9,15,15,16,16,16,16,16,16,16,16,16,16,16,16,16,17,17,17,17,17,17,17,17,17,GCCGCTTTTGGGAAGAAGCCGCAGGCACCGGCCGTCTGGGCTATGTGTTTGGTNNKCCGGTCCGCTCGGTTGTGA,GCCGCTTTTGGGAAGAAGCCGCAGGCACCGGCCGTCTGGGCTATGTGTTTGGTTGCNNKGTCCGCTCGGTTGTGA,ACACGTTTTGCAACAAACTCMNNACCATCCCGCGCTGTAACACGCGCCGCATCACGTTCATTCACAACCGAGCGGA,ACACGTTTTGCAACAAACTCGCGMNNATCCCGCGCTGTAACACGCGCCGCATCACGTTCATTCACAACCGAGCGGA,ACACGTTTTGCAACAAACTCGCGACCMNNCCGCGCTGTAACACGCGCCGCATCACGTTCATTCACAACCGAGCGGA,ACACGTTTTGCAACAAACTCGCGACCATCMNNCGCTGTAACACGCGCCGCATCACGTTCATTCACAACCGAGCGGA,ACACGTTTTGCAACAAACTCGCGACCATCCCGMNNTGTAACACGCGCCGCATCACGTTCATTCACAACCGAGCGGA,ACACGTTTTGCAACAAACTCGCGACCATCCCGCGCMNNAACACGCGCCGCATCACGTTCATTCACAACCGAGCGGA,ACACGTTTTGCAACAAACTCGCGACCATCCCGCGCTGTMNNACGCGCCGCATCACGTTCATTCACAACCGAGCGGA,ACACGTTTTGCAACAAACTCGCGACCATCCCGCGCTGTAACMNNCGCCGCATCACGTTCATTCACAACCGAGCGGA,ACACGTTTTGCAACAAACTCGCGACCATCCCGCGCTGTAACACGMNNCGCATCACGTTCATTCACAACCGAGCGGA,ACACGTTTTGCAACAAACTCGCGACCATCCCGCGCTGTAACACGCGCMNNATCACGTTCATTCACAACCGAGCGGA,ACACGTTTTGCAACAAACTCGCGACCATCCCGCGCTGTAACACGCGCCGCMNNACGTTCATTCACAACCGAGCGGA,ACACGTTTTGCAACAAACTCGCGACCATCCCGCGCTGTAACACGCGCCGCATCMNNTTCATTCACAACCGAGCGGA,ACACGTTTTGCAACAAACTCGCGACCATCCCGCGCTGTAACACGCGCCGCATCACGMNNATTCACAACCGAGCGGA,GAGTTTGTTGCAAAACGTGTANNKTGTACCATTCCGCTGAATGTGCTGAGCACTATTCAGTTTTCTCCTGCGTTA,GAGTTTGTTGCAAAACGTGTAGTGNNKACCATTCCGCTGAATGTGCTGAGCACTATTCAGTTTTCTCCTGCGTTA,GAGTTTGTTGCAAAACGTGTAGTGTGTNNKATTCCGCTGAATGTGCTGAGCACTATTCAGTTTTCTCCTGCGTTA,GAGTTTGTTGCAAAACGTGTAGTGTGTACCNNKCCGCTGAATGTGCTGAGCACTATTCAGTTTTCTCCTGCGTTA,GAGTTTGTTGCAAAACGTGTAGTGTGTACCATTNNKCTGAATGTGCTGAGCACTATTCAGTTTTCTCCTGCGTTA,GAGTTTGTTGCAAAACGTGTAGTGTGTACCATTCCGNNKAATGTGCTGAGCACTATTCAGTTTTCTCCTGCGTTA,GAGTTTGTTGCAAAACGTGTAGTGTGTACCATTCCGCTGNNKGTGCTGAGCACTATTCAGTTTTCTCCTGCGTTA,GAGTTTGTTGCAAAACGTGTAGTGTGTACCATTCCGCTGAATNNKCTGAGCACTATTCAGTTTTCTCCTGCGTTA,GAGTTTGTTGCAAAACGTGTAGTGTGTACCATTCCGCTGAATGTGNNKAGCACTATTCAGTTTTCTCCTGCGTTA
J,17_1,17_11,18_1,18_2,18_3,18_4,18_5,18_6,18_7,18_8,18_9,18_1,18_11,18_12,18_13,18_14,19_1,19_2,19_3,19_4,19_5,19_6,19_7,19_8,17,17,18,18,18,18,18,18,18,18,18,18,18,18,18,18,19,19,19,19,19,19,19,19,GAGTTTGTTGCAAAACGTGTAGTGTGTACCATTCCGCTGAATGTGCTGNNKACTATTCAGTTTTCTCCTGCGTTA,GAGTTTGTTGCAAAACGTGTAGTGTGTACCATTCCGCTGAATGTGCTGAGCNNKATTCAGTTTTCTCCTGCGTTA,CATGCACTTTGGTGCACATMNNCACATGACCGGCCTGCATCGCGCTGATGCGTTCCGTGCTTAACGCAGGAGAAAACTGA,CATGCACTTTGGTGCACATGCTMNNATGACCGGCCTGCATCGCGCTGATGCGTTCCGTGCTTAACGCAGGAGAAAACTGA,CATGCACTTTGGTGCACATGCTCACMNNACCGGCCTGCATCGCGCTGATGCGTTCCGTGCTTAACGCAGGAGAAAACTGA,CATGCACTTTGGTGCACATGCTCACATGMNNGGCCTGCATCGCGCTGATGCGTTCCGTGCTTAACGCAGGAGAAAACTGA,CATGCACTTTGGTGCACATGCTCACATGACCMNNCTGCATCGCGCTGATGCGTTCCGTGCTTAACGCAGGAGAAAACTGA,CATGCACTTTGGTGCACATGCTCACATGACCGGCMNNCATCGCGCTGATGCGTTCCGTGCTTAACGCAGGAGAAAACTGA,CATGCACTTTGGTGCACATGCTCACATGACCGGCCTGMNNCGCGCTGATGCGTTCCGTGCTTAACGCAGGAGAAAACTGA,CATGCACTTTGGTGCACATGCTCACATGACCGGCCTGCATMNNGCTGATGCGTTCCGTGCTTAACGCAGGAGAAAACTGA,CATGCACTTTGGTGCACATGCTCACATGACCGGCCTGCATCGCMNNGATGCGTTCCGTGCTTAACGCAGGAGAAAACTGA,CATGCACTTTGGTGCACATGCTCACATGACCGGCCTGCATCGCGCTMNNGCGTTCCGTGCTTAACGCAGGAGAAAACTGA,CATGCACTTTGGTGCACATGCTCACATGACCGGCCTGCATCGCGCTGATMNNTTCCGTGCTTAACGCAGGAGAAAACTGA,CATGCACTTTGGTGCACATGCTCACATGACCGGCCTGCATCGCGCTGATGCGMNNCGTGCTTAACGCAGGAGAAAACTGA,CATGCACTTTGGTGCACATGCTCACATGACCGGCCTGCATCGCGCTGATGCGTTCMNNGCTTAACGCAGGAGAAAACTGA,CATGCACTTTGGTGCACATGCTCACATGACCGGCCTGCATCGCGCTGATGCGTTCCGTMNNTAACGCAGGAGAAAACTGA,ATGTGCACCAAAGTGCATGCGNNKGTGGATAATAAAGATATGCGCAGCTGGACCGGTATCGCGTATCCATTTAATAAAC,ATGTGCACCAAAGTGCATGCGGAANNKGATAATAAAGATATGCGCAGCTGGACCGGTATCGCGTATCCATTTAATAAAC,ATGTGCACCAAAGTGCATGCGGAAGTGNNKAATAAAGATATGCGCAGCTGGACCGGTATCGCGTATCCATTTAATAAAC,ATGTGCACCAAAGTGCATGCGGAAGTGGATNNKAAAGATATGCGCAGCTGGACCGGTATCGCGTATCCATTTAATAAAC,ATGTGCACCAAAGTGCATGCGGAAGTGGATAATNNKGATATGCGCAGCTGGACCGGTATCGCGTATCCATTTAATAAAC,ATGTGCACCAAAGTGCATGCGGAAGTGGATAATAAANNKATGCGCAGCTGGACCGGTATCGCGTATCCATTTAATAAAC,ATGTGCACCAAAGTGCATGCGGAAGTGGATAATAAAGATNNKCGCAGCTGGACCGGTATCGCGTATCCATTTAATAAAC,ATGTGCACCAAAGTGCATGCGGAAGTGGATAATAAAGATATGNNKAGCTGGACCGGTATCGCGTATCCATTTAATAAAC
K,19_9,19_1,19_11,20_1,20_2,20_3,20_4,20_5,20_6,20_7,20_8,20_9,20_1,21_1,21_2,21_3,21_4,21_5,21_6,21_7,21_8,21_9,21_1,21_11,19,19,19,20,20,20,20,20,20,20,20,20,20,21,21,21,21,21,21,21,21,21,21,21,ATGTGCACCAAAGTGCATGCGGAAGTGGATAATAAAGATATGCGCNNKTGGACCGGTATCGCGTATCCATTTAATAAAC,ATGTGCACCAAAGTGCATGCGGAAGTGGATAATAAAGATATGCGCAGCNNKACCGGTATCGCGTATCCATTTAATAAAC,ATGTGCACCAAAGTGCATGCGGAAGTGGATAATAAAGATATGCGCAGCTGGNNKGGTATCGCGTATCCATTTAATAAAC,CACAAGATGAGTGTTGCCAGCMNNGGTCGTACCATCGCCAATGGCATAGCACAGTTTATTAAATGGATACGCGATAC,CACAAGATGAGTGTTGCCAGCCGGMNNCGTACCATCGCCAATGGCATAGCACAGTTTATTAAATGGATACGCGATAC,CACAAGATGAGTGTTGCCAGCCGGGGTMNNACCATCGCCAATGGCATAGCACAGTTTATTAAATGGATACGCGATAC,CACAAGATGAGTGTTGCCAGCCGGGGTCGTMNNATCGCCAATGGCATAGCACAGTTTATTAAATGGATACGCGATAC,CACAAGATGAGTGTTGCCAGCCGGGGTCGTACCMNNGCCAATGGCATAGCACAGTTTATTAAATGGATACGCGATAC,CACAAGATGAGTGTTGCCAGCCGGGGTCGTACCATCMNNAATGGCATAGCACAGTTTATTAAATGGATACGCGATAC,CACAAGATGAGTGTTGCCAGCCGGGGTCGTACCATCGCCMNNGGCATAGCACAGTTTATTAAATGGATACGCGATAC,CACAAGATGAGTGTTGCCAGCCGGGGTCGTACCATCGCCAATMNNATAGCACAGTTTATTAAATGGATACGCGATAC,CACAAGATGAGTGTTGCCAGCCGGGGTCGTACCATCGCCAATGGCMNNGCACAGTTTATTAAATGGATACGCGATAC,CACAAGATGAGTGTTGCCAGCCGGGGTCGTACCATCGCCAATGGCATAMNNCAGTTTATTAAATGGATACGCGATAC,TGGCAACACTCATCTTGTGNNKTTTGGCAATTCGGCCAATCATATTCAGCCGGATGAAGATGTGCGCGAAACCCTG,TGGCAACACTCATCTTGTGTGCNNKGGCAATTCGGCCAATCATATTCAGCCGGATGAAGATGTGCGCGAAACCCTG,TGGCAACACTCATCTTGTGTGCTTTNNKAATTCGGCCAATCATATTCAGCCGGATGAAGATGTGCGCGAAACCCTG,TGGCAACACTCATCTTGTGTGCTTTGGCNNKTCGGCCAATCATATTCAGCCGGATGAAGATGTGCGCGAAACCCTG,TGGCAACACTCATCTTGTGTGCTTTGGCAATNNKGCCAATCATATTCAGCCGGATGAAGATGTGCGCGAAACCCTG,TGGCAACACTCATCTTGTGTGCTTTGGCAATTCGNNKAATCATATTCAGCCGGATGAAGATGTGCGCGAAACCCTG,TGGCAACACTCATCTTGTGTGCTTTGGCAATTCGGCCNNKCATATTCAGCCGGATGAAGATGTGCGCGAAACCCTG,TGGCAACACTCATCTTGTGTGCTTTGGCAATTCGGCCAATNNKATTCAGCCGGATGAAGATGTGCGCGAAACCCTG,TGGCAACACTCATCTTGTGTGCTTTGGCAATTCGGCCAATCATNNKCAGCCGGATGAAGATGTGCGCGAAACCCTG,TGGCAACACTCATCTTGTGTGCTTTGGCAATTCGGCCAATCATATTNNKCCGGATGAAGATGTGCGCGAAACCCTG,TGGCAACACTCATCTTGTGTGCTTTGGCAATTCGGCCAATCATATTCAGNNKGATGAAGATGTGCGCGAAACCCTG
L,21_12,21_13,21_14,22_1,22_2,22_3,22_4,22_5,22_6,22_7,22_8,22_9,22_1,22_11,22_12,22_13,22_14,23_1,23_2,23_3,23_4,23_5,23_6,23_7,21,21,21,22,22,22,22,22,22,22,22,22,22,22,22,22,22,23,23,23,23,23,23,23,TGGCAACACTCATCTTGTGTGCTTTGGCAATTCGGCCAATCATATTCAGCCGNNKGAAGATGTGCGCGAAACCCTG,TGGCAACACTCATCTTGTGTGCTTTGGCAATTCGGCCAATCATATTCAGCCGGATNNKGATGTGCGCGAAACCCTG,TGGCAACACTCATCTTGTGTGCTTTGGCAATTCGGCCAATCATATTCAGCCGGATGAANNKGTGCGCGAAACCCTG,AATTATGGAACACCAGACGMNNAACGCCAAAGGTGCCTGGCGCCAGTTGACCCACCGCTTTCAGGGTTTCGCGCAC,AATTATGGAACACCAGACGTTTMNNGCCAAAGGTGCCTGGCGCCAGTTGACCCACCGCTTTCAGGGTTTCGCGCAC,AATTATGGAACACCAGACGTTTAACMNNAAAGGTGCCTGGCGCCAGTTGACCCACCGCTTTCAGGGTTTCGCGCAC,AATTATGGAACACCAGACGTTTAACGCCMNNGGTGCCTGGCGCCAGTTGACCCACCGCTTTCAGGGTTTCGCGCAC,AATTATGGAACACCAGACGTTTAACGCCAAAMNNGCCTGGCGCCAGTTGACCCACCGCTTTCAGGGTTTCGCGCAC,AATTATGGAACACCAGACGTTTAACGCCAAAGGTMNNTGGCGCCAGTTGACCCACCGCTTTCAGGGTTTCGCGCAC,AATTATGGAACACCAGACGTTTAACGCCAAAGGTGCCMNNCGCCAGTTGACCCACCGCTTTCAGGGTTTCGCGCAC,AATTATGGAACACCAGACGTTTAACGCCAAAGGTGCCTGGMNNCAGTTGACCCACCGCTTTCAGGGTTTCGCGCAC,AATTATGGAACACCAGACGTTTAACGCCAAAGGTGCCTGGCGCMNNTTGACCCACCGCTTTCAGGGTTTCGCGCAC,AATTATGGAACACCAGACGTTTAACGCCAAAGGTGCCTGGCGCCAGMNNACCCACCGCTTTCAGGGTTTCGCGCAC,AATTATGGAACACCAGACGTTTAACGCCAAAGGTGCCTGGCGCCAGTTGMNNCACCGCTTTCAGGGTTTCGCGCAC,AATTATGGAACACCAGACGTTTAACGCCAAAGGTGCCTGGCGCCAGTTGACCMNNCGCTTTCAGGGTTTCGCGCAC,AATTATGGAACACCAGACGTTTAACGCCAAAGGTGCCTGGCGCCAGTTGACCCACMNNTTTCAGGGTTTCGCGCAC,AATTATGGAACACCAGACGTTTAACGCCAAAGGTGCCTGGCGCCAGTTGACCCACCGCMNNCAGGGTTTCGCGCAC,CGTCTGGTGTTCCATAATTGGNNKAAAGATGAATTTGCGAAAGGTGCCTGGTTCTTTAGTCGCCCGGGTATGGTG,CGTCTGGTGTTCCATAATTGGGTGNNKGATGAATTTGCGAAAGGTGCCTGGTTCTTTAGTCGCCCGGGTATGGTG,CGTCTGGTGTTCCATAATTGGGTGAAANNKGAATTTGCGAAAGGTGCCTGGTTCTTTAGTCGCCCGGGTATGGTG,CGTCTGGTGTTCCATAATTGGGTGAAAGATNNKTTTGCGAAAGGTGCCTGGTTCTTTAGTCGCCCGGGTATGGTG,CGTCTGGTGTTCCATAATTGGGTGAAAGATGAANNKGCGAAAGGTGCCTGGTTCTTTAGTCGCCCGGGTATGGTG,CGTCTGGTGTTCCATAATTGGGTGAAAGATGAATTTNNKAAAGGTGCCTGGTTCTTTAGTCGCCCGGGTATGGTG,CGTCTGGTGTTCCATAATTGGGTGAAAGATGAATTTGCGNNKGGTGCCTGGTTCTTTAGTCGCCCGGGTATGGTG
M,23_8,23_9,23_1,23_11,23_12,23_13,24_1,24_2,24_3,24_4,24_5,24_6,24_7,24_8,24_9,24_1,24_11,24_12,24_13,24_14,25_1,25_2,25_3,25_4,23,23,23,23,23,23,24,24,24,24,24,24,24,24,24,24,24,24,24,24,25,25,25,25,CGTCTGGTGTTCCATAATTGGGTGAAAGATGAATTTGCGAAANNKGCCTGGTTCTTTAGTCGCCCGGGTATGGTG,CGTCTGGTGTTCCATAATTGGGTGAAAGATGAATTTGCGAAAGGTNNKTGGTTCTTTAGTCGCCCGGGTATGGTG,CGTCTGGTGTTCCATAATTGGGTGAAAGATGAATTTGCGAAAGGTGCCNNKTTCTTTAGTCGCCCGGGTATGGTG,CGTCTGGTGTTCCATAATTGGGTGAAAGATGAATTTGCGAAAGGTGCCTGGNNKTTTAGTCGCCCGGGTATGGTG,CGTCTGGTGTTCCATAATTGGGTGAAAGATGAATTTGCGAAAGGTGCCTGGTTCNNKAGTCGCCCGGGTATGGTG,CGTCTGGTGTTCCATAATTGGGTGAAAGATGAATTTGCGAAAGGTGCCTGGTTCTTTNNKCGCCCGGGTATGGTG,AATCCGAGTTCGCAAACACMNNGCCACCATGCTTTTCACGCAGGCCCTGCAGGCATTCCGACACCATACCCGGGC,AATCCGAGTTCGCAAACACCACMNNACCATGCTTTTCACGCAGGCCCTGCAGGCATTCCGACACCATACCCGGGC,AATCCGAGTTCGCAAACACCACGCCMNNATGCTTTTCACGCAGGCCCTGCAGGCATTCCGACACCATACCCGGGC,AATCCGAGTTCGCAAACACCACGCCACCMNNCTTTTCACGCAGGCCCTGCAGGCATTCCGACACCATACCCGGGC,AATCCGAGTTCGCAAACACCACGCCACCATGMNNTTCACGCAGGCCCTGCAGGCATTCCGACACCATACCCGGGC,AATCCGAGTTCGCAAACACCACGCCACCATGCTTMNNACGCAGGCCCTGCAGGCATTCCGACACCATACCCGGGC,AATCCGAGTTCGCAAACACCACGCCACCATGCTTTTCMNNCAGGCCCTGCAGGCATTCCGACACCATACCCGGGC,AATCCGAGTTCGCAAACACCACGCCACCATGCTTTTCACGMNNGCCCTGCAGGCATTCCGACACCATACCCGGGC,AATCCGAGTTCGCAAACACCACGCCACCATGCTTTTCACGCAGMNNCTGCAGGCATTCCGACACCATACCCGGGC,AATCCGAGTTCGCAAACACCACGCCACCATGCTTTTCACGCAGGCCMNNCAGGCATTCCGACACCATACCCGGGC,AATCCGAGTTCGCAAACACCACGCCACCATGCTTTTCACGCAGGCCCTGMNNGCATTCCGACACCATACCCGGGC,AATCCGAGTTCGCAAACACCACGCCACCATGCTTTTCACGCAGGCCCTGCAGMNNTTCCGACACCATACCCGGGC,AATCCGAGTTCGCAAACACCACGCCACCATGCTTTTCACGCAGGCCCTGCAGGCAMNNCGACACCATACCCGGGC,AATCCGAGTTCGCAAACACCACGCCACCATGCTTTTCACGCAGGCCCTGCAGGCATTCMNNCACCATACCCGGGC,GTTTGCGAACTCGGATTGGNNKCTGGGTTGGCGCAGCTTTATCGATGGCGCGATTGAAGAAGGCACTCGCGCTG,GTTTGCGAACTCGGATTGGGCGNNKGGTTGGCGCAGCTTTATCGATGGCGCGATTGAAGAAGGCACTCGCGCTG,GTTTGCGAACTCGGATTGGGCGCTGNNKTGGCGCAGCTTTATCGATGGCGCGATTGAAGAAGGCACTCGCGCTG,GTTTGCGAACTCGGATTGGGCGCTGGGTNNKCGCAGCTTTATCGATGGCGCGATTGAAGAAGGCACTCGCGCTG
N,25_5,25_6,25_7,25_8,25_9,25_1,25_11,25_12,25_13,26_1,26_2,26_3,26_4,26_5,26_6,26_7,26_8,26_9,26_1,26_11,26_12,26_13,26_14,,25,25,25,25,25,25,25,25,25,26,26,26,26,26,26,26,26,26,26,26,26,26,26,,GTTTGCGAACTCGGATTGGGCGCTGGGTTGGNNKAGCTTTATCGATGGCGCGATTGAAGAAGGCACTCGCGCTG,GTTTGCGAACTCGGATTGGGCGCTGGGTTGGCGCNNKTTTATCGATGGCGCGATTGAAGAAGGCACTCGCGCTG,GTTTGCGAACTCGGATTGGGCGCTGGGTTGGCGCAGCNNKATCGATGGCGCGATTGAAGAAGGCACTCGCGCTG,GTTTGCGAACTCGGATTGGGCGCTGGGTTGGCGCAGCTTTNNKGATGGCGCGATTGAAGAAGGCACTCGCGCTG,GTTTGCGAACTCGGATTGGGCGCTGGGTTGGCGCAGCTTTATCNNKGGCGCGATTGAAGAAGGCACTCGCGCTG,GTTTGCGAACTCGGATTGGGCGCTGGGTTGGCGCAGCTTTATCGATNNKGCGATTGAAGAAGGCACTCGCGCTG,GTTTGCGAACTCGGATTGGGCGCTGGGTTGGCGCAGCTTTATCGATGGCNNKATTGAAGAAGGCACTCGCGCTG,GTTTGCGAACTCGGATTGGGCGCTGGGTTGGCGCAGCTTTATCGATGGCGCGNNKGAAGAAGGCACTCGCGCTG,GTTTGCGAACTCGGATTGGGCGCTGGGTTGGCGCAGCTTTATCGATGGCGCGATTNNKGAAGGCACTCGCGCTG,TTTGGATCCTTATAAGCGCGCMNNCACTTCGCGTTTGGTGCCCAATTCCTCCAGCACAACGCGGGCAGCGCGAGTGCCTT,TTTGGATCCTTATAAGCGCGCTTTMNNTTCGCGTTTGGTGCCCAATTCCTCCAGCACAACGCGGGCAGCGCGAGTGCCTT,TTTGGATCCTTATAAGCGCGCTTTCACMNNGCGTTTGGTGCCCAATTCCTCCAGCACAACGCGGGCAGCGCGAGTGCCTT,TTTGGATCCTTATAAGCGCGCTTTCACTTCMNNTTTGGTGCCCAATTCCTCCAGCACAACGCGGGCAGCGCGAGTGCCTT,TTTGGATCCTTATAAGCGCGCTTTCACTTCGCGMNNGGTGCCCAATTCCTCCAGCACAACGCGGGCAGCGCGAGTGCCTT,TTTGGATCCTTATAAGCGCGCTTTCACTTCGCGTTTMNNGCCCAATTCCTCCAGCACAACGCGGGCAGCGCGAGTGCCTT,TTTGGATCCTTATAAGCGCGCTTTCACTTCGCGTTTGGTMNNCAATTCCTCCAGCACAACGCGGGCAGCGCGAGTGCCTT,TTTGGATCCTTATAAGCGCGCTTTCACTTCGCGTTTGGTGCCMNNTTCCTCCAGCACAACGCGGGCAGCGCGAGTGCCTT,TTTGGATCCTTATAAGCGCGCTTTCACTTCGCGTTTGGTGCCCAAMNNCTCCAGCACAACGCGGGCAGCGCGAGTGCCTT,TTTGGATCCTTATAAGCGCGCTTTCACTTCGCGTTTGGTGCCCAATTCMNNCAGCACAACGCGGGCAGCGCGAGTGCCTT,TTTGGATCCTTATAAGCGCGCTTTCACTTCGCGTTTGGTGCCCAATTCCTCMNNCACAACGCGGGCAGCGCGAGTGCCTT,TTTGGATCCTTATAAGCGCGCTTTCACTTCGCGTTTGGTGCCCAATTCCTCCAGMNNAACGCGGGCAGCGCGAGTGCCTT,TTTGGATCCTTATAAGCGCGCTTTCACTTCGCGTTTGGTGCCCAATTCCTCCAGCACMNNGCGGGCAGCGCGAGTGCCTT,TTTGGATCCTTATAAGCGCGCTTTCACTTCGCGTTTGGTGCCCAATTCCTCCAGCACAACMNNGGCAGCGCGAGTGCCTT,
O,,,,,,,,,,,,,,,,,,,,,,,,,,,,,,,,,,,,,,,,,,,,,,,,,,,,,,,,,,,,,,,,,,,,,,,,
P,,,,,,,,,,,,,,,,,,,,,,,,,,,,,,,,,,,,,,,,,,,,,,,,,,,,,,,,,,,,,,,,,,,,,,,,
