well,id,parent,Sequence
A1,1_1,1,CACAGCAGCGGCCATNNKGAAGGCCGTCATATGACCTCCCGTGATGGCTATCAGTGGACGCCGGAAACCGGCCTTA
A2,1_2,1,CACAGCAGCGGCCATATTNNKGGCCGTCATATGACCTCCCGTGATGGCTATCAGTGGACGCCGGAAACCGGCCTTA
A3,1_3,1,CACAGCAGCGGCCATATTGAANNKCGTCATATGACCTCCCGTGATGGCTATCAGTGGACGCCGGAAACCGGCCTTA
A4,1_4,1,CACAGCAGCGGCCATATTGAAGGCNNKCATATGACCTCCCGTGATGGCTATCAGTGGACGCCGGAAACCGGCCTTA
A5,1_5,1,CACAGCAGCGGCCATATTGAAGGCCGTNNKATGACCTCCCGTGATGGCTATCAGTGGACGCCGGAAACCGGCCTTA
A6,1_6,1,CACAGCAGCGGCCATATTGAAGGCCGTCATNNKACCTCCCGTGATGGCTATCAGTGGACGCCGGAAACCGGCCTTA
A7,1_7,1,CACAGCAGCGGCCATATTGAAGGCCGTCATATGNNKTCCCGTGATGGCTATCAGTGGACGCCGGAAACCGGCCTTA
A8,1_8,1,CACAGCAGCGGCCATATTGAAGGCCGTCATATGACCNNKCGTGATGGCTATCAGTGGACGCCGGAAACCGGCCTTA
A9,1_9,1,CACAGCAGCGGCCATATTGAAGGCCGTCATATGACCTCCNNKGATGGCTATCAGTGGACGCCGGAAACCGGCCTTA
A10,1_1,1,CACAGCAGCGGCCATATTGAAGGCCGTCATATGACCTCCCGTNNKGGCTATCAGTGGACGCCGGAAACCGGCCTTA
A11,1_11,1,CACAGCAGCGGCCATATTGAAGGCCGTCATATGACCTCCCGTGATNNKTATCAGTGGACGCCGGAAACCGGCCTTA
A12,1_12,1,CACAGCAGCGGCCATATTGAAGGCCGTCATATGACCTCCCGTGATGGCNNKCAGTGGACGCCGGAAACCGGCCTTA
A13,1_13,1,CACAGCAGCGGCCATATTGAAGGCCGTCATATGACCTCCCGTGATGGCTATNNKTGGACGCCGGAAACCGGCCTTA
A14,1_14,1,CACAGCAGCGGCCATATTGAAGGCCGTCATATGACCTCCCGTGATGGCTATCAGNNKACGCCGGAAACCGGCCTTA
A15,1_15,1,CACAGCAGCGGCCATATTGAAGGCCGTCATATGACCTCCCGTGATGGCTATCAGTGGNNKCCGGAAACCGGCCTTA
A16,2_1,2,TCTTTATCGGTATCCTCGATMNNGGTCGGAGGGCTAATCACTCCCAGGCTCGGCACACCCTGGGTAAGGCCGGTTTCCG
A17,2_2,2,TCTTTATCGGTATCCTCGATATTMNNCGGAGGGCTAATCACTCCCAGGCTCGGCACACCCTGGGTAAGGCCGGTTTCCG
A18,2_3,2,TCTTTATCGGTATCCTCGATATTGGTMNNAGGGCTAATCACTCCCAGGCTCGGCACACCCTGGGTAAGGCCGGTTTCCG
A19,2_4,2,TCTTTATCGGTATCCTCGATATTGGTCGGMNNGCTAATCACTCCCAGGCTCGGCACACCCTGGGTAAGGCCGGTTTCCG
A20,2_5,2,TCTTTATCGGTATCCTCGATATTGGTCGGAGGMNNAATCACTCCCAGGCTCGGCACACCCTGGGTAAGGCCGGTTTCCG
A21,2_6,2,TCTTTATCGGTATCCTCGATATTGGTCGGAGGGCTMNNCACTCCCAGGCTCGGCACACCCTGGGTAAGGCCGGTTTCCG
A22,2_7,2,TCTTTATCGGTATCCTCGATATTGGTCGGAGGGCTAATMNNTCCCAGGCTCGGCACACCCTGGGTAAGGCCGGTTTCCG
A23,2_8,2,TCTTTATCGGTATCCTCGATATTGGTCGGAGGGCTAATCACMNNCAGGCTCGGCACACCCTGGGTAAGGCCGGTTTCCG
A24,2_9,2,TCTTTATCGGTATCCTCGATATTGGTCGGAGGGCTAATCACTCCMNNGCTCGGCACACCCTGGGTAAGGCCGGTTTCCG
B1,2_1,2,TCTTTATCGGTATCCTCGATATTGGTCGGAGGGCTAATCACTCCCAGMNNCGGCACACCCTGGGTAAGGCCGGTTTCCG
B2,2_11,2,TCTTTATCGGTATCCTCGATATTGGTCGGAGGGCTAATCACTCCCAGGCTMNNCACACCCTGGGTAAGGCCGGTTTCCG
B3,2_12,2,TCTTTATCGGTATCCTCGATATTGGTCGGAGGGCTAATCACTCCCAGGCTCGGMNNACCCTGGGTAAGGCCGGTTTCCG
B4,2_13,2,TCTTTATCGGTATCCTCGATATTGGTCGGAGGGCTAATCACTCCCAGGCTCGGCACMNNCTGGGTAAGGCCGGTTTCCG
B5,2_14,2,TCTTTATCGGTATCCTCGATATTGGTCGGAGGGCTAATCACTCCCAGGCTCGGCACACCMNNGGTAAGGCCGGTTTCCG
B6,3_1,3,TCGAGGATACCGATAAAGATNNKCCGTGGGATGTGATTGTGATTGGCGGCGGCTATTGCGGCTTAACCGCCACGC
B7,3_2,3,TCGAGGATACCGATAAAGATGGCNNKTGGGATGTGATTGTGATTGGCGGCGGCTATTGCGGCTTAACCGCCACGC
B8,3_3,3,TCGAGGATACCGATAAAGATGGCCCGNNKGATGTGATTGTGATTGGCGGCGGCTATTGCGGCTTAACCGCCACGC
B9,3_4,3,TCGAGGATACCGATAAAGATGGCCCGTGGNNKGTGATTGTGATTGGCGGCGGCTATTGCGGCTTAACCGCCACGC
B10,3_5,3,TCGAGGATACCGATAAAGATGGCCCGTGGGATNNKATTGTGATTGGCGGCGGCTATTGCGGCTTAACCGCCACGC
B11,3_6,3,TCGAGGATACCGATAAAGATGGCCCGTGGGATGTGNNKGTGATTGGCGGCGGCTATTGCGGCTTAACCGCCACGC
B12,3_7,3,TCGAGGATACCGATAAAGATGGCCCGTGGGATGTGATTNNKATTGGCGGCGGCTATTGCGGCTTAACCGCCACGC
B13,3_8,3,TCGAGGATACCGATAAAGATGGCCCGTGGGATGTGATTGTGNNKGGCGGCGGCTATTGCGGCTTAACCGCCACGC
B14,3_9,3,TCGAGGATACCGATAAAGATGGCCCGTGGGATGTGATTGTGATTNNKGGCGGCTATTGCGGCTTAACCGCCACGC
B15,3_1,3,TCGAGGATACCGATAAAGATGGCCCGTGGGATGTGATTGTGATTGGCNNKGGCTATTGCGGCTTAACCGCCACGC
B16,3_11,3,TCGAGGATACCGATAAAGATGGCCCGTGGGATGTGATTGTGATTGGCGGCNNKTATTGCGGCTTAACCGCCACGC
B17,3_12,3,TCGAGGATACCGATAAAGATGGCCCGTGGGATGTGATTGTGATTGGCGGCGGCNNKTGCGGCTTAACCGCCACGC
B18,3_13,3,TCGAGGATACCGATAAAGATGGCCCGTGGGATGTGATTGTGATTGGCGGCGGCTATNNKGGCTTAACCGCCACGC
B19,4_1,4,CGCCGATACGATCACGMNNTTCCAGCAGCAGGGTTTTAAAGCCCGCCACCGTCAGATCGCGCGTGGCGGTTAAGC
B20,4_2,4,CGCCGATACGATCACGCGCMNNCAGCAGCAGGGTTTTAAAGCCCGCCACCGTCAGATCGCGCGTGGCGGTTAAGC
B21,4_3,4,CGCCGATACGATCACGCGCTTCMNNCAGCAGGGTTTTAAAGCCCGCCACCGTCAGATCGCGCGTGGCGGTTAAGC
B22,4_4,4,CGCCGATACGATCACGCGCTTCCAGMNNCAGGGTTTTAAAGCCCGCCACCGTCAGATCGCGCGTGGCGGTTAAGC
B23,4_5,4,CGCCGATACGATCACGCGCTTCCAGCAGMNNGGTTTTAAAGCCCGCCACCGTCAGATCGCGCGTGGCGGTTAAGC
B24,4_6,4,CGCCGATACGATCACGCGCTTCCAGCAGCAGMNNTTTAAAGCCCGCCACCGTCAGATCGCGCGTGGCGGTTAAGC
C1,4_7,4,CGCCGATACGATCACGCGCTTCCAGCAGCAGGGTMNNAAAGCCCGCCACCGTCAGATCGCGCGTGGCGGTTAAGC
C2,4_8,4,CGCCGATACGATCACGCGCTTCCAGCAGCAGGGTTTTMNNGCCCGCCACCGTCAGATCGCGCGTGGCGGTTAAGC
C3,4_9,4,CGCCGATACGATCACGCGCTTCCAGCAGCAGGGTTTTAAAMNNCGCCACCGTCAGATCGCGCGTGGCGGTTAAGC
C4,4_1,4,CGCCGATACGATCACGCGCTTCCAGCAGCAGGGTTTTAAAGCCMNNCACCGTCAGATCGCGCGTGGCGGTTAAGC
C5,4_11,4,CGCCGATACGATCACGCGCTTCCAGCAGCAGGGTTTTAAAGCCCGCMNNCGTCAGATCGCGCGTGGCGGTTAAGC
C6,4_12,4,CGCCGATACGATCACGCGCTTCCAGCAGCAGGGTTTTAAAGCCCGCCACMNNCAGATCGCGCGTGGCGGTTAAGC
C7,4_13,4,CGCCGATACGATCACGCGCTTCCAGCAGCAGGGTTTTAAAGCCCGCCACCGTMNNATCGCGCGTGGCGGTTAAGC
C8,4_14,4,CGCCGATACGATCACGCGCTTCCAGCAGCAGGGTTTTAAAGCCCGCCACCGTCAGMNNGCGCGTGGCGGTTAAGC
C9,5_1,5,CGTGATCGTATCGGCGGTNNKTCGTGGTCTAGCAATATCGACGGCTATCCGTATGAAATGGGCGGCACTTGGGTTC
C10,5_2,5,CGTGATCGTATCGGCGGTCGCNNKTGGTCTAGCAATATCGACGGCTATCCGTATGAAATGGGCGGCACTTGGGTTC
C11,5_3,5,CGTGATCGTATCGGCGGTCGCTCGNNKTCTAGCAATATCGACGGCTATCCGTATGAAATGGGCGGCACTTGGGTTC
C12,5_4,5,CGTGATCGTATCGGCGGTCGCTCGTGGNNKAGCAATATCGACGGCTATCCGTATGAAATGGGCGGCACTTGGGTTC
C13,5_5,5,CGTGATCGTATCGGCGGTCGCTCGTGGTCTNNKAATATCGACGGCTATCCGTATGAAATGGGCGGCACTTGGGTTC
C14,5_6,5,CGTGATCGTATCGGCGGTCGCTCGTGGTCTAGCNNKATCGACGGCTATCCGTATGAAATGGGCGGCACTTGGGTTC
C15,5_7,5,CGTGATCGTATCGGCGGTCGCTCGTGGTCTAGCAATNNKGACGGCTATCCGTATGAAATGGGCGGCACTTGGGTTC
C16,5_8,5,CGTGATCGTATCGGCGGTCGCTCGTGGTCTAGCAATATCNNKGGCTATCCGTATGAAATGGGCGGCACTTGGGTTC
C17,5_9,5,CGTGATCGTATCGGCGGTCGCTCGTGGTCTAGCAATATCGACNNKTATCCGTATGAAATGGGCGGCACTTGGGTTC
C18,5_1,5,CGTGATCGTATCGGCGGTCGCTCGTGGTCTAGCAATATCGACGGCNNKCCGTATGAAATGGGCGGCACTTGGGTTC
C19,5_11,5,CGTGATCGTATCGGCGGTCGCTCGTGGTCTAGCAATATCGACGGCTATNNKTATGAAATGGGCGGCACTTGGGTTC
C20,5_12,5,CGTGATCGTATCGGCGGTCGCTCGTGGTCTAGCAATATCGACGGCTATCCGNNKGAAATGGGCGGCACTTGGGTTC
C21,5_13,5,CGTGATCGTATCGGCGGTCGCTCGTGGTCTAGCAATATCGACGGCTATCCGTATNNKATGGGCGGCACTTGGGTTC
C22,5_14,5,CGTGATCGTATCGGCGGTCGCTCGTGGTCTAGCAATATCGACGGCTATCCGTATGAANNKGGCGGCACTTGGGTTC
C23,6_1,6,CTCAGTGCATTGTGCATTTTATAMNNGGTAATTTCGCGCCACACGTGGCTCTGATGCCAATGAACCCAAGTGCCGC
C24,6_2,6,CTCAGTGCATTGTGCATTTTATAGCGMNNAATTTCGCGCCACACGTGGCTCTGATGCCAATGAACCCAAGTGCCGC
D1,6_3,6,CTCAGTGCATTGTGCATTTTATAGCGGGTMNNTTCGCGCCACACGTGGCTCTGATGCCAATGAACCCAAGTGCCGC
D2,6_4,6,CTCAGTGCATTGTGCATTTTATAGCGGGTAATMNNGCGCCACACGTGGCTCTGATGCCAATGAACCCAAGTGCCGC
D3,6_5,6,CTCAGTGCATTGTGCATTTTATAGCGGGTAATTTCMNNCCACACGTGGCTCTGATGCCAATGAACCCAAGTGCCGC
D4,6_6,6,CTCAGTGCATTGTGCATTTTATAGCGGGTAATTTCGCGMNNCACGTGGCTCTGATGCCAATGAACCCAAGTGCCGC
D5,6_7,6,CTCAGTGCATTGTGCATTTTATAGCGGGTAATTTCGCGCCAMNNGTGGCTCTGATGCCAATGAACCCAAGTGCCGC
D6,6_8,6,CTCAGTGCATTGTGCATTTTATAGCGGGTAATTTCGCGCCACACMNNGCTCTGATGCCAATGAACCCAAGTGCCGC
D7,6_9,6,CTCAGTGCATTGTGCATTTTATAGCGGGTAATTTCGCGCCACACGTGMNNCTGATGCCAATGAACCCAAGTGCCGC
D8,6_1,6,CTCAGTGCATTGTGCATTTTATAGCGGGTAATTTCGCGCCACACGTGGCTMNNATGCCAATGAACCCAAGTGCCGC
D9,6_11,6,CTCAGTGCATTGTGCATTTTATAGCGGGTAATTTCGCGCCACACGTGGCTCTGMNNCCAATGAACCCAAGTGCCGC
D10,6_12,6,CTCAGTGCATTGTGCATTTTATAGCGGGTAATTTCGCGCCACACGTGGCTCTGATGMNNATGAACCCAAGTGCCGC
D11,7_1,7,TATAAAATGCACAATGCACTGAGCNNKAGCTTCAATTTTAGCCGTGGCGTGAACCATTTTCAGCTGCGCACC
D12,7_2,7,TATAAAATGCACAATGCACTGAGCCCGNNKTTCAATTTTAGCCGTGGCGTGAACCATTTTCAGCTGCGCACC
D13,7_3,7,TATAAAATGCACAATGCACTGAGCCCGAGCNNKAATTTTAGCCGTGGCGTGAACCATTTTCAGCTGCGCACC
D14,7_4,7,TATAAAATGCACAATGCACTGAGCCCGAGCTTCNNKTTTAGCCGTGGCGTGAACCATTTTCAGCTGCGCACC
D15,7_5,7,TATAAAATGCACAATGCACTGAGCCCGAGCTTCAATNNKAGCCGTGGCGTGAACCATTTTCAGCTGCGCACC
D16,7_6,7,TATAAAATGCACAATGCACTGAGCCCGAGCTTCAATTTTNNKCGTGGCGTGAACCATTTTCAGCTGCGCACC
D17,7_7,7,TATAAAATGCACAATGCACTGAGCCCGAGCTTCAATTTTAGCNNKGGCGTGAACCATTTTCAGCTGCGCACC
D18,7_8,7,TATAAAATGCACAATGCACTGAGCCCGAGCTTCAATTTTAGCCGTNNKGTGAACCATTTTCAGCTGCGCACC
D19,7_9,7,TATAAAATGCACAATGCACTGAGCCCGAGCTTCAATTTTAGCCGTGGCNNKAACCATTTTCAGCTGCGCACC
D20,7_1,7,TATAAAATGCACAATGCACTGAGCCCGAGCTTCAATTTTAGCCGTGGCGTGNNKCATTTTCAGCTGCGCACC
D21,8_1,8,GCCGAACGTAATAATTCGTCMNNCGCTTCGTGGGTCATATAGGTGCTGGTGGTCGGATTGGTGCGCAGCTGAAAAT
D22,8_2,8,GCCGAACGTAATAATTCGTCTTCMNNTTCGTGGGTCATATAGGTGCTGGTGGTCGGATTGGTGCGCAGCTGAAAAT
D23,8_3,8,GCCGAACGTAATAATTCGTCTTCCGCMNNGTGGGTCATATAGGTGCTGGTGGTCGGATTGGTGCGCAGCTGAAAAT
D24,8_4,8,GCCGAACGTAATAATTCGTCTTCCGCTTCMNNGGTCATATAGGTGCTGGTGGTCGGATTGGTGCGCAGCTGAAAAT
E1,8_5,8,GCCGAACGTAATAATTCGTCTTCCGCTTCGTGMNNCATATAGGTGCTGGTGGTCGGATTGGTGCGCAGCTGAAAAT
E2,8_6,8,GCCGAACGTAATAATTCGTCTTCCGCTTCGTGGGTMNNATAGGTGCTGGTGGTCGGATTGGTGCGCAGCTGAAAAT
E3,8_7,8,GCCGAACGTAATAATTCGTCTTCCGCTTCGTGGGTCATMNNGGTGCTGGTGGTCGGATTGGTGCGCAGCTGAAAAT
E4,8_8,8,GCCGAACGTAATAATTCGTCTTCCGCTTCGTGGGTCATATAMNNGCTGGTGGTCGGATTGGTGCGCAGCTGAAAAT
E5,8_9,8,GCCGAACGTAATAATTCGTCTTCCGCTTCGTGGGTCATATAGGTMNNGGTGGTCGGATTGGTGCGCAGCTGAAAAT
E6,8_1,8,GCCGAACGTAATAATTCGTCTTCCGCTTCGTGGGTCATATAGGTGCTMNNGGTCGGATTGGTGCGCAGCTGAAAAT
E7,8_11,8,GCCGAACGTAATAATTCGTCTTCCGCTTCGTGGGTCATATAGGTGCTGGTMNNCGGATTGGTGCGCAGCTGAAAAT
E8,8_12,8,GCCGAACGTAATAATTCGTCTTCCGCTTCGTGGGTCATATAGGTGCTGGTGGTMNNATTGGTGCGCAGCTGAAAAT
E9,8_13,8,GCCGAACGTAATAATTCGTCTTCCGCTTCGTGGGTCATATAGGTGCTGGTGGTCGGMNNGGTGCGCAGCTGAAAAT
E10,9_1,9,GACGAATTATTACGTTCGGCGNNKCATAAATTTACCAACGTGGATGGCACCAATGGTCGTACCGTTCTGCCG
E11,9_2,9,GACGAATTATTACGTTCGGCGCTGNNKAAATTTACCAACGTGGATGGCACCAATGGTCGTACCGTTCTGCCG
E12,9_3,9,GACGAATTATTACGTTCGGCGCTGCATNNKTTTACCAACGTGGATGGCACCAATGGTCGTACCGTTCTGCCG
E13,9_4,9,GACGAATTATTACGTTCGGCGCTGCATAAANNKACCAACGTGGATGGCACCAATGGTCGTACCGTTCTGCCG
E14,9_5,9,GACGAATTATTACGTTCGGCGCTGCATAAATTTNNKAACGTGGATGGCACCAATGGTCGTACCGTTCTGCCG
E15,9_6,9,GACGAATTATTACGTTCGGCGCTGCATAAATTTACCNNKGTGGATGGCACCAATGGTCGTACCGTTCTGCCG
E16,9_7,9,GACGAATTATTACGTTCGGCGCTGCATAAATTTACCAACNNKGATGGCACCAATGGTCGTACCGTTCTGCCG
E17,9_8,9,GACGAATTATTACGTTCGGCGCTGCATAAATTTACCAACGTGNNKGGCACCAATGGTCGTACCGTTCTGCCG
E18,9_9,9,GACGAATTATTACGTTCGGCGCTGCATAAATTTACCAACGTGGATNNKACCAATGGTCGTACCGTTCTGCCG
E19,9_1,9,GACGAATTATTACGTTCGGCGCTGCATAAATTTACCAACGTGGATGGCNNKAATGGTCGTACCGTTCTGCCG
E20,9_11,9,GACGAATTATTACGTTCGGCGCTGCATAAATTTACCAACGTGGATGGCACCNNKGGTCGTACCGTTCTGCCG
E21,9_12,9,GACGAATTATTACGTTCGGCGCTGCATAAATTTACCAACGTGGATGGCACCAATNNKCGTACCGTTCTGCCG
E22,10_1,10,GCTGTAGCTCATTTCGTCATAMNNGCGAAATTCCGGCACATAAAACATATCATGCGGAAACGGCAGAACGGTACG
E23,10_2,10,GCTGTAGCTCATTTCGTCATATTTMNNAAATTCCGGCACATAAAACATATCATGCGGAAACGGCAGAACGGTACG
E24,10_3,10,GCTGTAGCTCATTTCGTCATATTTGCGMNNTTCCGGCACATAAAACATATCATGCGGAAACGGCAGAACGGTACG
F1,10_4,10,GCTGTAGCTCATTTCGTCATATTTGCGAAAMNNCGGCACATAAAACATATCATGCGGAAACGGCAGAACGGTACG
F2,10_5,10,GCTGTAGCTCATTTCGTCATATTTGCGAAATTCMNNCACATAAAACATATCATGCGGAAACGGCAGAACGGTACG
F3,10_6,10,GCTGTAGCTCATTTCGTCATATTTGCGAAATTCCGGMNNATAAAACATATCATGCGGAAACGGCAGAACGGTACG
F4,10_7,10,GCTGTAGCTCATTTCGTCATATTTGCGAAATTCCGGCACMNNAAACATATCATGCGGAAACGGCAGAACGGTACG
F5,10_8,10,GCTGTAGCTCATTTCGTCATATTTGCGAAATTCCGGCACATAMNNCATATCATGCGGAAACGGCAGAACGGTACG
F6,10_9,10,GCTGTAGCTCATTTCGTCATATTTGCGAAATTCCGGCACATAAAAMNNATCATGCGGAAACGGCAGAACGGTACG
F7,10_1,10,GCTGTAGCTCATTTCGTCATATTTGCGAAATTCCGGCACATAAAACATMNNATGCGGAAACGGCAGAACGGTACG
F8,10_11,10,GCTGTAGCTCATTTCGTCATATTTGCGAAATTCCGGCACATAAAACATATCMNNCGGAAACGGCAGAACGGTACG
F9,10_12,10,GCTGTAGCTCATTTCGTCATATTTGCGAAATTCCGGCACATAAAACATATCATGMNNAAACGGCAGAACGGTACG
F10,10_13,10,GCTGTAGCTCATTTCGTCATATTTGCGAAATTCCGGCACATAAAACATATCATGCGGMNNCGGCAGAACGGTACG
F11,11_1,11,ATGACGAAATGAGCTACAGCNNKCGTATTGATCAGATCCGTGATGAACTGTCTCTGAACGAGCGCAGCT
F12,11_2,11,ATGACGAAATGAGCTACAGCGAANNKATTGATCAGATCCGTGATGAACTGTCTCTGAACGAGCGCAGCT
F13,11_3,11,ATGACGAAATGAGCTACAGCGAACGTNNKGATCAGATCCGTGATGAACTGTCTCTGAACGAGCGCAGCT
F14,11_4,11,ATGACGAAATGAGCTACAGCGAACGTATTNNKCAGATCCGTGATGAACTGTCTCTGAACGAGCGCAGCT
F15,11_5,11,ATGACGAAATGAGCTACAGCGAACGTATTGATNNKATCCGTGATGAACTGTCTCTGAACGAGCGCAGCT
F16,11_6,11,ATGACGAAATGAGCTACAGCGAACGTATTGATCAGNNKCGTGATGAACTGTCTCTGAACGAGCGCAGCT
F17,11_7,11,ATGACGAAATGAGCTACAGCGAACGTATTGATCAGATCNNKGATGAACTGTCTCTGAACGAGCGCAGCT
F18,11_8,11,ATGACGAAATGAGCTACAGCGAACGTATTGATCAGATCCGTNNKGAACTGTCTCTGAACGAGCGCAGCT
F19,11_9,11,ATGACGAAATGAGCTACAGCGAACGTATTGATCAGATCCGTGATNNKCTGTCTCTGAACGAGCGCAGCT
F20,11_1,11,ATGACGAAATGAGCTACAGCGAACGTATTGATCAGATCCGTGATGAANNKTCTCTGAACGAGCGCAGCT
F21,11_11,11,ATGACGAAATGAGCTACAGCGAACGTATTGATCAGATCCGTGATGAACTGNNKCTGAACGAGCGCAGCT
F22,12_1,12,TCGCCGAAACTACTATTTTCMNNGGTACCGCCCGAGCACAGCAGAATAAAGGCTTCCAGAGAGCTGCGCTCGTTCA
F23,12_2,12,TCGCCGAAACTACTATTTTCCAGMNNACCGCCCGAGCACAGCAGAATAAAGGCTTCCAGAGAGCTGCGCTCGTTCA
F24,12_3,12,TCGCCGAAACTACTATTTTCCAGGGTMNNGCCCGAGCACAGCAGAATAAAGGCTTCCAGAGAGCTGCGCTCGTTCA
G1,12_4,12,TCGCCGAAACTACTATTTTCCAGGGTACCMNNCGAGCACAGCAGAATAAAGGCTTCCAGAGAGCTGCGCTCGTTCA
G2,12_5,12,TCGCCGAAACTACTATTTTCCAGGGTACCGCCMNNGCACAGCAGAATAAAGGCTTCCAGAGAGCTGCGCTCGTTCA
G3,12_6,12,TCGCCGAAACTACTATTTTCCAGGGTACCGCCCGAMNNCAGCAGAATAAAGGCTTCCAGAGAGCTGCGCTCGTTCA
G4,12_7,12,TCGCCGAAACTACTATTTTCCAGGGTACCGCCCGAGCAMNNCAGAATAAAGGCTTCCAGAGAGCTGCGCTCGTTCA
G5,12_8,12,TCGCCGAAACTACTATTTTCCAGGGTACCGCCCGAGCACAGMNNAATAAAGGCTTCCAGAGAGCTGCGCTCGTTCA
G6,12_9,12,TCGCCGAAACTACTATTTTCCAGGGTACCGCCCGAGCACAGCAGMNNAAAGGCTTCCAGAGAGCTGCGCTCGTTCA
G7,12_1,12,TCGCCGAAACTACTATTTTCCAGGGTACCGCCCGAGCACAGCAGAATMNNGGCTTCCAGAGAGCTGCGCTCGTTCA
G8,12_11,12,TCGCCGAAACTACTATTTTCCAGGGTACCGCCCGAGCACAGCAGAATAAAMNNTTCCAGAGAGCTGCGCTCGTTCA
G9,12_12,12,TCGCCGAAACTACTATTTTCCAGGGTACCGCCCGAGCACAGCAGAATAAAGGCMNNCAGAGAGCTGCGCTCGTTCA
G10,12_13,12,TCGCCGAAACTACTATTTTCCAGGGTACCGCCCGAGCACAGCAGAATAAAGGCTTCMNNAGAGCTGCGCTCGTTCA
G11,13_1,13,GAAAATAGTAGTTTCGGCGAANNKCTGCATTGGTGGGCCATGAGCGGCTATACCTATCAGGGCTGTATGGATTGC
G12,13_2,13,GAAAATAGTAGTTTCGGCGAATTTNNKCATTGGTGGGCCATGAGCGGCTATACCTATCAGGGCTGTATGGATTGC
G13,13_3,13,GAAAATAGTAGTTTCGGCGAATTTCTGNNKTGGTGGGCCATGAGCGGCTATACCTATCAGGGCTGTATGGATTGC
G14,13_4,13,GAAAATAGTAGTTTCGGCGAATTTCTGCATNNKTGGGCCATGAGCGGCTATACCTATCAGGGCTGTATGGATTGC
G15,13_5,13,GAAAATAGTAGTTTCGGCGAATTTCTGCATTGGNNKGCCATGAGCGGCTATACCTATCAGGGCTGTATGGATTGC
G16,13_6,13,GAAAATAGTAGTTTCGGCGAATTTCTGCATTGGTGGNNKATGAGCGGCTATACCTATCAGGGCTGTATGGATTGC
G17,13_7,13,GAAAATAGTAGTTTCGGCGAATTTCTGCATTGGTGGGCCNNKAGCGGCTATACCTATCAGGGCTGTATGGATTGC
G18,13_8,13,GAAAATAGTAGTTTCGGCGAATTTCTGCATTGGTGGGCCATGNNKGGCTATACCTATCAGGGCTGTATGGATTGC
G19,13_9,13,GAAAATAGTAGTTTCGGCGAATTTCTGCATTGGTGGGCCATGAGCNNKTATACCTATCAGGGCTGTATGGATTGC
G20,13_1,13,GAAAATAGTAGTTTCGGCGAATTTCTGCATTGGTGGGCCATGAGCGGCNNKACCTATCAGGGCTGTATGGATTGC
G21,13_11,13,GAAAATAGTAGTTTCGGCGAATTTCTGCATTGGTGGGCCATGAGCGGCTATNNKTATCAGGGCTGTATGGATTGC
G22,13_12,13,GAAAATAGTAGTTTCGGCGAATTTCTGCATTGGTGGGCCATGAGCGGCTATACCNNKCAGGGCTGTATGGATTGC
G23,14_1,14,TCTTCCCAAAAGCGGCGMNNAAACGCGCTCTGACCATCTTTAAATTTATAGCTCATCAGGCAATCCATACAGCCCT
G24,14_2,14,TCTTCCCAAAAGCGGCGCGCMNNCGCGCTCTGACCATCTTTAAATTTATAGCTCATCAGGCAATCCATACAGCCCT
H1,14_3,14,TCTTCCCAAAAGCGGCGCGCAAAMNNGCTCTGACCATCTTTAAATTTATAGCTCATCAGGCAATCCATACAGCCCT
H2,14_4,14,TCTTCCCAAAAGCGGCGCGCAAACGCMNNCTGACCATCTTTAAATTTATAGCTCATCAGGCAATCCATACAGCCCT
H3,14_5,14,TCTTCCCAAAAGCGGCGCGCAAACGCGCTMNNACCATCTTTAAATTTATAGCTCATCAGGCAATCCATACAGCCCT
H4,14_6,14,TCTTCCCAAAAGCGGCGCGCAAACGCGCTCTGMNNATCTTTAAATTTATAGCTCATCAGGCAATCCATACAGCCCT
H5,14_7,14,TCTTCCCAAAAGCGGCGCGCAAACGCGCTCTGACCMNNTTTAAATTTATAGCTCATCAGGCAATCCATACAGCCCT
H6,14_8,14,TCTTCCCAAAAGCGGCGCGCAAACGCGCTCTGACCATCMNNAAATTTATAGCTCATCAGGCAATCCATACAGCCCT
H7,14_9,14,TCTTCCCAAAAGCGGCGCGCAAACGCGCTCTGACCATCTTTMNNTTTATAGCTCATCAGGCAATCCATACAGCCCT
H8,14_1,14,TCTTCCCAAAAGCGGCGCGCAAACGCGCTCTGACCATCTTTAAAMNNATAGCTCATCAGGCAATCCATACAGCCCT
H9,14_11,14,TCTTCCCAAAAGCGGCGCGCAAACGCGCTCTGACCATCTTTAAATTTMNNGCTCATCAGGCAATCCATACAGCCCT
H10,14_12,14,TCTTCCCAAAAGCGGCGCGCAAACGCGCTCTGACCATCTTTAAATTTATAMNNCATCAGGCAATCCATACAGCCCT
H11,14_13,14,TCTTCCCAAAAGCGGCGCGCAAACGCGCTCTGACCATCTTTAAATTTATAGCTMNNCAGGCAATCCATACAGCCCT
H12,14_14,14,TCTTCCCAAAAGCGGCGCGCAAACGCGCTCTGACCATCTTTAAATTTATAGCTCATMNNGCAATCCATACAGCCCT
H13,15_1,15,GCCGCTTTTGGGAAGAANNKGCAGGCACCGGCCGTCTGGGCTATGTGTTTGGTTGCCCGGTCCGCTCGGTTGTGA
H14,15_2,15,GCCGCTTTTGGGAAGAAGCCNNKGGCACCGGCCGTCTGGGCTATGTGTTTGGTTGCCCGGTCCGCTCGGTTGTGA
H15,15_3,15,GCCGCTTTTGGGAAGAAGCCGCANNKACCGGCCGTCTGGGCTATGTGTTTGGTTGCCCGGTCCGCTCGGTTGTGA
H16,15_4,15,GCCGCTTTTGGGAAGAAGCCGCAGGCNNKGGCCGTCTGGGCTATGTGTTTGGTTGCCCGGTCCGCTCGGTTGTGA
H17,15_5,15,GCCGCTTTTGGGAAGAAGCCGCAGGCACCNNKCGTCTGGGCTATGTGTTTGGTTGCCCGGTCCGCTCGGTTGTGA
H18,15_6,15,GCCGCTTTTGGGAAGAAGCCGCAGGCACCGGCNNKCTGGGCTATGTGTTTGGTTGCCCGGTCCGCTCGGTTGTGA
H19,15_7,15,GCCGCTTTTGGGAAGAAGCCGCAGGCACCGGCCGTNNKGGCTATGTGTTTGGTTGCCCGGTCCGCTCGGTTGTGA
H20,15_8,15,GCCGCTTTTGGGAAGAAGCCGCAGGCACCGGCCGTCTGNNKTATGTGTTTGGTTGCCCGGTCCGCTCGGTTGTGA
H21,15_9,15,GCCGCTTTTGGGAAGAAGCCGCAGGCACCGGCCGTCTGGGCNNKGTGTTTGGTTGCCCGGTCCGCTCGGTTGTGA
H22,15_1,15,GCCGCTTTTGGGAAGAAGCCGCAGGCACCGGCCGTCTGGGCTATNNKTTTGGTTGCCCGGTCCGCTCGGTTGTGA
H23,15_11,15,GCCGCTTTTGGGAAGAAGCCGCAGGCACCGGCCGTCTGGGCTATGTGNNKGGTTGCCCGGTCCGCTCGGTTGTGA
H24,15_12,15,GCCGCTTTTGGGAAGAAGCCGCAGGCACCGGCCGTCTGGGCTATGTGTTTNNKTGCCCGGTCCGCTCGGTTGTGA
I1,15_13,15,GCCGCTTTTGGGAAGAAGCCGCAGGCACCGGCCGTCTGGGCTATGTGTTTGGTNNKCCGGTCCGCTCGGTTGTGA
I2,15_14,15,GCCGCTTTTGGGAAGAAGCCGCAGGCACCGGCCGTCTGGGCTATGTGTTTGGTTGCNNKGTCCGCTCGGTTGTGA
I3,16_1,16,ACACGTTTTGCAACAAACTCMNNACCATCCCGCGCTGTAACACGCGCCGCATCACGTTCATTCACAACCGAGCGGA
I4,16_2,16,ACACGTTTTGCAACAAACTCGCGMNNATCCCGCGCTGTAACACGCGCCGCATCACGTTCATTCACAACCGAGCGGA
I5,16_3,16,ACACGTTTTGCAACAAACTCGCGACCMNNCCGCGCTGTAACACGCGCCGCATCACGTTCATTCACAACCGAGCGGA
I6,16_4,16,ACACGTTTTGCAACAAACTCGCGACCATCMNNCGCTGTAACACGCGCCGCATCACGTTCATTCACAACCGAGCGGA
I7,16_5,16,ACACGTTTTGCAACAAACTCGCGACCATCCCGMNNTGTAACACGCGCCGCATCACGTTCATTCACAACCGAGCGGA
I8,16_6,16,ACACGTTTTGCAACAAACTCGCGACCATCCCGCGCMNNAACACGCGCCGCATCACGTTCATTCACAACCGAGCGGA
I9,16_7,16,ACACGTTTTGCAACAAACTCGCGACCATCCCGCGCTGTMNNACGCGCCGCATCACGTTCATTCACAACCGAGCGGA
I10,16_8,16,ACACGTTTTGCAACAAACTCGCGACCATCCCGCGCTGTAACMNNCGCCGCATCACGTTCATTCACAACCGAGCGGA
I11,16_9,16,ACACGTTTTGCAACAAACTCGCGACCATCCCGCGCTGTAACACGMNNCGCATCACGTTCATTCACAACCGAGCGGA
I12,16_1,16,ACACGTTTTGCAACAAACTCGCGACCATCCCGCGCTGTAACACGCGCMNNATCACGTTCATTCACAACCGAGCGGA
I13,16_11,16,ACACGTTTTGCAACAAACTCGCGACCATCCCGCGCTGTAACACGCGCCGCMNNACGTTCATTCACAACCGAGCGGA
I14,16_12,16,ACACGTTTTGCAACAAACTCGCGACCATCCCGCGCTGTAACACGCGCCGCATCMNNTTCATTCACAACCGAGCGGA
I15,16_13,16,ACACGTTTTGCAACAAACTCGCGACCATCCCGCGCTGTAACACGCGCCGCATCACGMNNATTCACAACCGAGCGGA
I16,17_1,17,GAGTTTGTTGCAAAACGTGTANNKTGTACCATTCCGCTGAATGTGCTGAGCACTATTCAGTTTTCTCCTGCGTTA
I17,17_2,17,GAGTTTGTTGCAAAACGTGTAGTGNNKACCATTCCGCTGAATGTGCTGAGCACTATTCAGTTTTCTCCTGCGTTA
I18,17_3,17,GAGTTTGTTGCAAAACGTGTAGTGTGTNNKATTCCGCTGAATGTGCTGAGCACTATTCAGTTTTCTCCTGCGTTA
I19,17_4,17,GAGTTTGTTGCAAAACGTGTAGTGTGTACCNNKCCGCTGAATGTGCTGAGCACTATTCAGTTTTCTCCTGCGTTA
I20,17_5,17,GAGTTTGTTGCAAAACGTGTAGTGTGTACCATTNNKCTGAATGTGCTGAGCACTATTCAGTTTTCTCCTGCGTTA
I21,17_6,17,GAGTTTGTTGCAAAACGTGTAGTGTGTACCATTCCGNNKAATGTGCTGAGCACTATTCAGTTTTCTCCTGCGTTA
I22,17_7,17,GAGTTTGTTGCAAAACGTGTAGTGTGTACCATTCCGCTGNNKGTGCTGAGCACTATTCAGTTTTCTCCTGCGTTA
I23,17_8,17,GAGTTTGTTGCAAAACGTGTAGTGTGTACCATTCCGCTGAATNNKCTGAGCACTATTCAGTTTTCTCCTGCGTTA
I24,17_9,17,GAGTTTGTTGCAAAACGTGTAGTGTGTACCATTCCGCTGAATGTGNNKAGCACTATTCAGTTTTCTCCTGCGTTA
J1,17_1,17,GAGTTTGTTGCAAAACGTGTAGTGTGTACCATTCCGCTGAATGTGCTGNNKACTATTCAGTTTTCTCCTGCGTTA
J2,17_11,17,GAGTTTGTTGCAAAACGTGTAGTGTGTACCATTCCGCTGAATGTGCTGAGCNNKATTCAGTTTTCTCCTGCGTTA
J3,18_1,18,CATGCACTTTGGTGCACATMNNCACATGACCGGCCTGCATCGCGCTGATGCGTTCCGTGCTTAACGCAGGAGAAAACTGA
J4,18_2,18,CATGCACTTTGGTGCACATGCTMNNATGACCGGCCTGCATCGCGCTGATGCGTTCCGTGCTTAACGCAGGAGAAAACTGA
J5,18_3,18,CATGCACTTTGGTGCACATGCTCACMNNACCGGCCTGCATCGCGCTGATGCGTTCCGTGCTTAACGCAGGAGAAAACTGA
J6,18_4,18,CATGCACTTTGGTGCACATGCTCACATGMNNGGCCTGCATCGCGCTGATGCGTTCCGTGCTTAACGCAGGAGAAAACTGA
J7,18_5,18,CATGCACTTTGGTGCACATGCTCACATGACCMNNCTGCATCGCGCTGATGCGTTCCGTGCTTAACGCAGGAGAAAACTGA
J8,18_6,18,CATGCACTTTGGTGCACATGCTCACATGACCGGCMNNCATCGCGCTGATGCGTTCCGTGCTTAACGCAGGAGAAAACTGA
J9,18_7,18,CATGCACTTTGGTGCACATGCTCACATGACCGGCCTGMNNCGCGCTGATGCGTTCCGTGCTTAACGCAGGAGAAAACTGA
J10,18_8,18,CATGCACTTTGGTGCACATGCTCACATGACCGGCCTGCATMNNGCTGATGCGTTCCGTGCTTAACGCAGGAGAAAACTGA
J11,18_9,18,CATGCACTTTGGTGCACATGCTCACATGACCGGCCTGCATCGCMNNGATGCGTTCCGTGCTTAACGCAGGAGAAAACTGA
J12,18_1,18,CATGCACTTTGGTGCACATGCTCACATGACCGGCCTGCATCGCGCTMNNGCGTTCCGTGCTTAACGCAGGAGAAAACTGA
J13,18_11,18,CATGCACTTTGGTGCACATGCTCACATGACCGGCCTGCATCGCGCTGATMNNTTCCGTGCTTAACGCAGGAGAAAACTGA
J14,18_12,18,CATGCACTTTGGTGCACATGCTCACATGACCGGCCTGCATCGCGCTGATGCGMNNCGTGCTTAACGCAGGAGAAAACTGA
J15,18_13,18,CATGCACTTTGGTGCACATGCTCACATGACCGGCCTGCATCGCGCTGATGCGTTCMNNGCTTAACGCAGGAGAAAACTGA
J16,18_14,18,CATGCACTTTGGTGCACATGCTCACATGACCGGCCTGCATCGCGCTGATGCGTTCCGTMNNTAACGCAGGAGAAAACTGA
J17,19_1,19,ATGTGCACCAAAGTGCATGCGNNKGTGGATAATAAAGATATGCGCAGCTGGACCGGTATCGCGTATCCATTTAATAAAC
J18,19_2,19,ATGTGCACCAAAGTGCATGCGGAANNKGATAATAAAGATATGCGCAGCTGGACCGGTATCGCGTATCCATTTAATAAAC
J19,19_3,19,ATGTGCACCAAAGTGCATGCGGAAGTGNNKAATAAAGATATGCGCAGCTGGACCGGTATCGCGTATCCATTTAATAAAC
J20,19_4,19,ATGTGCACCAAAGTGCATGCGGAAGTGGATNNKAAAGATATGCGCAGCTGGACCGGTATCGCGTATCCATTTAATAAAC
J21,19_5,19,ATGTGCACCAAAGTGCATGCGGAAGTGGATAATNNKGATATGCGCAGCTGGACCGGTATCGCGTATCCATTTAATAAAC
J22,19_6,19,ATGTGCACCAAAGTGCATGCGGAAGTGGATAATAAANNKATGCGCAGCTGGACCGGTATCGCGTATCCATTTAATAAAC
J23,19_7,19,ATGTGCACCAAAGTGCATGCGGAAGTGGATAATAAAGATNNKCGCAGCTGGACCGGTATCGCGTATCCATTTAATAAAC
J24,19_8,19,ATGTGCACCAAAGTGCATGCGGAAGTGGATAATAAAGATATGNNKAGCTGGACCGGTATCGCGTATCCATTTAATAAAC
K1,19_9,19,ATGTGCACCAAAGTGCATGCGGAAGTGGATAATAAAGATATGCGCNNKTGGACCGGTATCGCGTATCCATTTAATAAAC
K2,19_1,19,ATGTGCACCAAAGTGCATGCGGAAGTGGATAATAAAGATATGCGCAGCNNKACCGGTATCGCGTATCCATTTAATAAAC
K3,19_11,19,ATGTGCACCAAAGTGCATGCGGAAGTGGATAATAAAGATATGCGCAGCTGGNNKGGTATCGCGTATCCATTTAATAAAC
K4,20_1,20,CACAAGATGAGTGTTGCCAGCMNNGGTCGTACCATCGCCAATGGCATAGCACAGTTTATTAAATGGATACGCGATAC
K5,20_2,20,CACAAGATGAGTGTTGCCAGCCGGMNNCGTACCATCGCCAATGGCATAGCACAGTTTATTAAATGGATACGCGATAC
K6,20_3,20,CACAAGATGAGTGTTGCCAGCCGGGGTMNNACCATCGCCAATGGCATAGCACAGTTTATTAAATGGATACGCGATAC
K7,20_4,20,CACAAGATGAGTGTTGCCAGCCGGGGTCGTMNNATCGCCAATGGCATAGCACAGTTTATTAAATGGATACGCGATAC
K8,20_5,20,CACAAGATGAGTGTTGCCAGCCGGGGTCGTACCMNNGCCAATGGCATAGCACAGTTTATTAAATGGATACGCGATAC
K9,20_6,20,CACAAGATGAGTGTTGCCAGCCGGGGTCGTACCATCMNNAATGGCATAGCACAGTTTATTAAATGGATACGCGATAC
K10,20_7,20,CACAAGATGAGTGTTGCCAGCCGGGGTCGTACCATCGCCMNNGGCATAGCACAGTTTATTAAATGGATACGCGATAC
K11,20_8,20,CACAAGATGAGTGTTGCCAGCCGGGGTCGTACCATCGCCAATMNNATAGCACAGTTTATTAAATGGATACGCGATAC
K12,20_9,20,CACAAGATGAGTGTTGCCAGCCGGGGTCGTACCATCGCCAATGGCMNNGCACAGTTTATTAAATGGATACGCGATAC
K13,20_1,20,CACAAGATGAGTGTTGCCAGCCGGGGTCGTACCATCGCCAATGGCATAMNNCAGTTTATTAAATGGATACGCGATAC
K14,21_1,21,TGGCAACACTCATCTTGTGNNKTTTGGCAATTCGGCCAATCATATTCAGCCGGATGAAGATGTGCGCGAAACCCTG
K15,21_2,21,TGGCAACACTCATCTTGTGTGCNNKGGCAATTCGGCCAATCATATTCAGCCGGATGAAGATGTGCGCGAAACCCTG
K16,21_3,21,TGGCAACACTCATCTTGTGTGCTTTNNKAATTCGGCCAATCATATTCAGCCGGATGAAGATGTGCGCGAAACCCTG
K17,21_4,21,TGGCAACACTCATCTTGTGTGCTTTGGCNNKTCGGCCAATCATATTCAGCCGGATGAAGATGTGCGCGAAACCCTG
K18,21_5,21,TGGCAACACTCATCTTGTGTGCTTTGGCAATNNKGCCAATCATATTCAGCCGGATGAAGATGTGCGCGAAACCCTG
K19,21_6,21,TGGCAACACTCATCTTGTGTGCTTTGGCAATTCGNNKAATCATATTCAGCCGGATGAAGATGTGCGCGAAACCCTG
K20,21_7,21,TGGCAACACTCATCTTGTGTGCTTTGGCAATTCGGCCNNKCATATTCAGCCGGATGAAGATGTGCGCGAAACCCTG
K21,21_8,21,TGGCAACACTCATCTTGTGTGCTTTGGCAATTCGGCCAATNNKATTCAGCCGGATGAAGATGTGCGCGAAACCCTG
K22,21_9,21,TGGCAACACTCATCTTGTGTGCTTTGGCAATTCGGCCAATCATNNKCAGCCGGATGAAGATGTGCGCGAAACCCTG
K23,21_1,21,TGGCAACACTCATCTTGTGTGCTTTGGCAATTCGGCCAATCATATTNNKCCGGATGAAGATGTGCGCGAAACCCTG
K24,21_11,21,TGGCAACACTCATCTTGTGTGCTTTGGCAATTCGGCCAATCATATTCAGNNKGATGAAGATGTGCGCGAAACCCTG
L1,21_12,21,TGGCAACACTCATCTTGTGTGCTTTGGCAATTCGGCCAATCATATTCAGCCGNNKGAAGATGTGCGCGAAACCCTG
L2,21_13,21,TGGCAACACTCATCTTGTGTGCTTTGGCAATTCGGCCAATCATATTCAGCCGGATNNKGATGTGCGCGAAACCCTG
L3,21_14,21,TGGCAACACTCATCTTGTGTGCTTTGGCAATTCGGCCAATCATATTCAGCCGGATGAANNKGTGCGCGAAACCCTG
L4,22_1,22,AATTATGGAACACCAGACGMNNAACGCCAAAGGTGCCTGGCGCCAGTTGACCCACCGCTTTCAGGGTTTCGCGCAC
L5,22_2,22,AATTATGGAACACCAGACGTTTMNNGCCAAAGGTGCCTGGCGCCAGTTGACCCACCGCTTTCAGGGTTTCGCGCAC
L6,22_3,22,AATTATGGAACACCAGACGTTTAACMNNAAAGGTGCCTGGCGCCAGTTGACCCACCGCTTTCAGGGTTTCGCGCAC
L7,22_4,22,AATTATGGAACACCAGACGTTTAACGCCMNNGGTGCCTGGCGCCAGTTGACCCACCGCTTTCAGGGTTTCGCGCAC
L8,22_5,22,AATTATGGAACACCAGACGTTTAACGCCAAAMNNGCCTGGCGCCAGTTGACCCACCGCTTTCAGGGTTTCGCGCAC
L9,22_6,22,AATTATGGAACACCAGACGTTTAACGCCAAAGGTMNNTGGCGCCAGTTGACCCACCGCTTTCAGGGTTTCGCGCAC
L10,22_7,22,AATTATGGAACACCAGACGTTTAACGCCAAAGGTGCCMNNCGCCAGTTGACCCACCGCTTTCAGGGTTTCGCGCAC
L11,22_8,22,AATTATGGAACACCAGACGTTTAACGCCAAAGGTGCCTGGMNNCAGTTGACCCACCGCTTTCAGGGTTTCGCGCAC
L12,22_9,22,AATTATGGAACACCAGACGTTTAACGCCAAAGGTGCCTGGCGCMNNTTGACCCACCGCTTTCAGGGTTTCGCGCAC
L13,22_1,22,AATTATGGAACACCAGACGTTTAACGCCAAAGGTGCCTGGCGCCAGMNNACCCACCGCTTTCAGGGTTTCGCGCAC
L14,22_11,22,AATTATGGAACACCAGACGTTTAACGCCAAAGGTGCCTGGCGCCAGTTGMNNCACCGCTTTCAGGGTTTCGCGCAC
L15,22_12,22,AATTATGGAACACCAGACGTTTAACGCCAAAGGTGCCTGGCGCCAGTTGACCMNNCGCTTTCAGGGTTTCGCGCAC
L16,22_13,22,AATTATGGAACACCAGACGTTTAACGCCAAAGGTGCCTGGCGCCAGTTGACCCACMNNTTTCAGGGTTTCGCGCAC
L17,22_14,22,AATTATGGAACACCAGACGTTTAACGCCAAAGGTGCCTGGCGCCAGTTGACCCACCGCMNNCAGGGTTTCGCGCAC
L18,23_1,23,CGTCTGGTGTTCCATAATTGGNNKAAAGATGAATTTGCGAAAGGTGCCTGGTTCTTTAGTCGCCCGGGTATGGTG
L19,23_2,23,CGTCTGGTGTTCCATAATTGGGTGNNKGATGAATTTGCGAAAGGTGCCTGGTTCTTTAGTCGCCCGGGTATGGTG
L20,23_3,23,CGTCTGGTGTTCCATAATTGGGTGAAANNKGAATTTGCGAAAGGTGCCTGGTTCTTTAGTCGCCCGGGTATGGTG
L21,23_4,23,CGTCTGGTGTTCCATAATTGGGTGAAAGATNNKTTTGCGAAAGGTGCCTGGTTCTTTAGTCGCCCGGGTATGGTG
L22,23_5,23,CGTCTGGTGTTCCATAATTGGGTGAAAGATGAANNKGCGAAAGGTGCCTGGTTCTTTAGTCGCCCGGGTATGGTG
L23,23_6,23,CGTCTGGTGTTCCATAATTGGGTGAAAGATGAATTTNNKAAAGGTGCCTGGTTCTTTAGTCGCCCGGGTATGGTG
L24,23_7,23,CGTCTGGTGTTCCATAATTGGGTGAAAGATGAATTTGCGNNKGGTGCCTGGTTCTTTAGTCGCCCGGGTATGGTG
M1,23_8,23,CGTCTGGTGTTCCATAATTGGGTGAAAGATGAATTTGCGAAANNKGCCTGGTTCTTTAGTCGCCCGGGTATGGTG
M2,23_9,23,CGTCTGGTGTTCCATAATTGGGTGAAAGATGAATTTGCGAAAGGTNNKTGGTTCTTTAGTCGCCCGGGTATGGTG
M3,23_1,23,CGTCTGGTGTTCCATAATTGGGTGAAAGATGAATTTGCGAAAGGTGCCNNKTTCTTTAGTCGCCCGGGTATGGTG
M4,23_11,23,CGTCTGGTGTTCCATAATTGGGTGAAAGATGAATTTGCGAAAGGTGCCTGGNNKTTTAGTCGCCCGGGTATGGTG
M5,23_12,23,CGTCTGGTGTTCCATAATTGGGTGAAAGATGAATTTGCGAAAGGTGCCTGGTTCNNKAGTCGCCCGGGTATGGTG
M6,23_13,23,CGTCTGGTGTTCCATAATTGGGTGAAAGATGAATTTGCGAAAGGTGCCTGGTTCTTTNNKCGCCCGGGTATGGTG
M7,24_1,24,AATCCGAGTTCGCAAACACMNNGCCACCATGCTTTTCACGCAGGCCCTGCAGGCATTCCGACACCATACCCGGGC
M8,24_2,24,AATCCGAGTTCGCAAACACCACMNNACCATGCTTTTCACGCAGGCCCTGCAGGCATTCCGACACCATACCCGGGC
M9,24_3,24,AATCCGAGTTCGCAAACACCACGCCMNNATGCTTTTCACGCAGGCCCTGCAGGCATTCCGACACCATACCCGGGC
M10,24_4,24,AATCCGAGTTCGCAAACACCACGCCACCMNNCTTTTCACGCAGGCCCTGCAGGCATTCCGACACCATACCCGGGC
M11,24_5,24,AATCCGAGTTCGCAAACACCACGCCACCATGMNNTTCACGCAGGCCCTGCAGGCATTCCGACACCATACCCGGGC
M12,24_6,24,AATCCGAGTTCGCAAACACCACGCCACCATGCTTMNNACGCAGGCCCTGCAGGCATTCCGACACCATACCCGGGC
M13,24_7,24,AATCCGAGTTCGCAAACACCACGCCACCATGCTTTTCMNNCAGGCCCTGCAGGCATTCCGACACCATACCCGGGC
M14,24_8,24,AATCCGAGTTCGCAAACACCACGCCACCATGCTTTTCACGMNNGCCCTGCAGGCATTCCGACACCATACCCGGGC
M15,24_9,24,AATCCGAGTTCGCAAACACCACGCCACCATGCTTTTCACGCAGMNNCTGCAGGCATTCCGACACCATACCCGGGC
M16,24_1,24,AATCCGAGTTCGCAAACACCACGCCACCATGCTTTTCACGCAGGCCMNNCAGGCATTCCGACACCATACCCGGGC
M17,24_11,24,AATCCGAGTTCGCAAACACCACGCCACCATGCTTTTCACGCAGGCCCTGMNNGCATTCCGACACCATACCCGGGC
M18,24_12,24,AATCCGAGTTCGCAAACACCACGCCACCATGCTTTTCACGCAGGCCCTGCAGMNNTTCCGACACCATACCCGGGC
M19,24_13,24,AATCCGAGTTCGCAAACACCACGCCACCATGCTTTTCACGCAGGCCCTGCAGGCAMNNCGACACCATACCCGGGC
M20,24_14,24,AATCCGAGTTCGCAAACACCACGCCACCATGCTTTTCACGCAGGCCCTGCAGGCATTCMNNCACCATACCCGGGC
M21,25_1,25,GTTTGCGAACTCGGATTGGNNKCTGGGTTGGCGCAGCTTTATCGATGGCGCGATTGAAGAAGGCACTCGCGCTG
M22,25_2,25,GTTTGCGAACTCGGATTGGGCGNNKGGTTGGCGCAGCTTTATCGATGGCGCGATTGAAGAAGGCACTCGCGCTG
M23,25_3,25,GTTTGCGAACTCGGATTGGGCGCTGNNKTGGCGCAGCTTTATCGATGGCGCGATTGAAGAAGGCACTCGCGCTG
M24,25_4,25,GTTTGCGAACTCGGATTGGGCGCTGGGTNNKCGCAGCTTTATCGATGGCGCGATTGAAGAAGGCACTCGCGCTG
N1,25_5,25,GTTTGCGAACTCGGATTGGGCGCTGGGTTGGNNKAGCTTTATCGATGGCGCGATTGAAGAAGGCACTCGCGCTG
N2,25_6,25,GTTTGCGAACTCGGATTGGGCGCTGGGTTGGCGCNNKTTTATCGATGGCGCGATTGAAGAAGGCACTCGCGCTG
N3,25_7,25,GTTTGCGAACTCGGATTGGGCGCTGGGTTGGCGCAGCNNKATCGATGGCGCGATTGAAGAAGGCACTCGCGCTG
N4,25_8,25,GTTTGCGAACTCGGATTGGGCGCTGGGTTGGCGCAGCTTTNNKGATGGCGCGATTGAAGAAGGCACTCGCGCTG
N5,25_9,25,GTTTGCGAACTCGGATTGGGCGCTGGGTTGGCGCAGCTTTATCNNKGGCGCGATTGAAGAAGGCACTCGCGCTG
N6,25_1,25,GTTTGCGAACTCGGATTGGGCGCTGGGTTGGCGCAGCTTTATCGATNNKGCGATTGAAGAAGGCACTCGCGCTG
N7,25_11,25,GTTTGCGAACTCGGATTGGGCGCTGGGTTGGCGCAGCTTTATCGATGGCNNKATTGAAGAAGGCACTCGCGCTG
N8,25_12,25,GTTTGCGAACTCGGATTGGGCGCTGGGTTGGCGCAGCTTTATCGATGGCGCGNNKGAAGAAGGCACTCGCGCTG
N9,25_13,25,GTTTGCGAACTCGGATTGGGCGCTGGGTTGGCGCAGCTTTATCGATGGCGCGATTNNKGAAGGCACTCGCGCTG
N10,26_1,26,TTTGGATCCTTATAAGCGCGCMNNCACTTCGCGTTTGGTGCCCAATTCCTCCAGCACAACGCGGGCAGCGCGAGTGCCTT
N11,26_2,26,TTTGGATCCTTATAAGCGCGCTTTMNNTTCGCGTTTGGTGCCCAATTCCTCCAGCACAACGCGGGCAGCGCGAGTGCCTT
N12,26_3,26,TTTGGATCCTTATAAGCGCGCTTTCACMNNGCGTTTGGTGCCCAATTCCTCCAGCACAACGCGGGCAGCGCGAGTGCCTT
N13,26_4,26,TTTGGATCCTTATAAGCGCGCTTTCACTTCMNNTTTGGTGCCCAATTCCTCCAGCACAACGCGGGCAGCGCGAGTGCCTT
N14,26_5,26,TTTGGATCCTTATAAGCGCGCTTTCACTTCGCGMNNGGTGCCCAATTCCTCCAGCACAACGCGGGCAGCGCGAGTGCCTT
N15,26_6,26,TTTGGATCCTTATAAGCGCGCTTTCACTTCGCGTTTMNNGCCCAATTCCTCCAGCACAACGCGGGCAGCGCGAGTGCCTT
N16,26_7,26,TTTGGATCCTTATAAGCGCGCTTTCACTTCGCGTTTGGTMNNCAATTCCTCCAGCACAACGCGGGCAGCGCGAGTGCCTT
N17,26_8,26,TTTGGATCCTTATAAGCGCGCTTTCACTTCGCGTTTGGTGCCMNNTTCCTCCAGCACAACGCGGGCAGCGCGAGTGCCTT
N18,26_9,26,TTTGGATCCTTATAAGCGCGCTTTCACTTCGCGTTTGGTGCCCAAMNNCTCCAGCACAACGCGGGCAGCGCGAGTGCCTT
N19,26_1,26,TTTGGATCCTTATAAGCGCGCTTTCACTTCGCGTTTGGTGCCCAATTCMNNCAGCACAACGCGGGCAGCGCGAGTGCCTT
N20,26_11,26,TTTGGATCCTTATAAGCGCGCTTTCACTTCGCGTTTGGTGCCCAATTCCTCMNNCACAACGCGGGCAGCGCGAGTGCCTT
N21,26_12,26,TTTGGATCCTTATAAGCGCGCTTTCACTTCGCGTTTGGTGCCCAATTCCTCCAGMNNAACGCGGGCAGCGCGAGTGCCTT
N22,26_13,26,TTTGGATCCTTATAAGCGCGCTTTCACTTCGCGTTTGGTGCCCAATTCCTCCAGCACMNNGCGGGCAGCGCGAGTGCCTT
N23,26_14,26,TTTGGATCCTTATAAGCGCGCTTTCACTTCGCGTTTGGTGCCCAATTCCTCCAGCACAACMNNGGCAGCGCGAGTGCCTT
