well,id,Sequence,,,,,,
A1,1,CACAGCAGCGGCCATATTGAAGGCCGTCATATGACCTCCCGTGATGGCTATCAGTGGACGCCGGAAACCGGCCTTA,,,,,,
A2,2,TCTTTATCGGTATCCTCGATATTGGTCGGAGGGCTAATCACTCCCAGGCTCGGCACACCCTGGGTAAGGCCGGTTTCCG,,,,,,
A3,3,TCGAGGATACCGATAAAGATGGCCCGTGGGATGTGATTGTGATTGGCGGCGGCTATTGCGGCTTAACCGCCACGC,,,,,,
A4,4,CGCCGATACGATCACGCGCTTCCAGCAGCAGGGTTTTAAAGCCCGCCACCGTCAGATCGCGCGTGGCGGTTAAGC,,,,,,
A5,5,CGTGATCGTATCGGCGGTCGCTCGTGGTCTAGCAATATCGACGGCTATCCGTATGAAATGGGCGGCACTTGGGTTC,,,,,,
A6,6,CTCAGTGCATTGTGCATTTTATAGCGGGTAATTTCGCGCCACACGTGGCTCTGATGCCAATGAACCCAAGTGCCGC,,,,,,
A7,7,TATAAAATGCACAATGCACTGAGCCCGAGCTTCAATTTTAGCCGTGGCGTGAACCATTTTCAGCTGCGCACC,,,,,,
A8,8,GCCGAACGTAATAATTCGTCTTCCGCTTCGTGGGTCATATAGGTGCTGGTGGTCGGATTGGTGCGCAGCTGAAAAT,,,,,,
A9,9,GACGAATTATTACGTTCGGCGCTGCATAAATTTACCAACGTGGATGGCACCAATGGTCGTACCGTTCTGCCG,,,,,,
A10,10,GCTGTAGCTCATTTCGTCATATTTGCGAAATTCCGGCACATAAAACATATCATGCGGAAACGGCAGAACGGTACG,,,,,,
A11,11,ATGACGAAATGAGCTACAGCGAACGTATTGATCAGATCCGTGATGAACTGTCTCTGAACGAGCGCAGCT,,,,,,
A12,12,TCGCCGAAACTACTATTTTCCAGGGTACCGCCCGAGCACAGCAGAATAAAGGCTTCCAGAGAGCTGCGCTCGTTCA,,,,,,
B1,13,GAAAATAGTAGTTTCGGCGAATTTCTGCATTGGTGGGCCATGAGCGGCTATACCTATCAGGGCTGTATGGATTGC,,,,,,
B2,14,TCTTCCCAAAAGCGGCGCGCAAACGCGCTCTGACCATCTTTAAATTTATAGCTCATCAGGCAATCCATACAGCCCT,,,,,,
B3,15,GCCGCTTTTGGGAAGAAGCCGCAGGCACCGGCCGTCTGGGCTATGTGTTTGGTTGCCCGGTCCGCTCGGTTGTGA,,,,,,
B4,16,ACACGTTTTGCAACAAACTCGCGACCATCCCGCGCTGTAACACGCGCCGCATCACGTTCATTCACAACCGAGCGGA,,,,,,
B5,17,GAGTTTGTTGCAAAACGTGTAGTGTGTACCATTCCGCTGAATGTGCTGAGCACTATTCAGTTTTCTCCTGCGTTA,,,,,,
B6,18,CATGCACTTTGGTGCACATGCTCACATGACCGGCCTGCATCGCGCTGATGCGTTCCGTGCTTAACGCAGGAGAAAACTGA,,,,,,
B7,19,ATGTGCACCAAAGTGCATGCGGAAGTGGATAATAAAGATATGCGCAGCTGGACCGGTATCGCGTATCCATTTAATAAAC,,,,,,
B8,20,CACAAGATGAGTGTTGCCAGCCGGGGTCGTACCATCGCCAATGGCATAGCACAGTTTATTAAATGGATACGCGATAC,,,,,,
B9,21,TGGCAACACTCATCTTGTGTGCTTTGGCAATTCGGCCAATCATATTCAGCCGGATGAAGATGTGCGCGAAACCCTG,,,,,,
B10,22,AATTATGGAACACCAGACGTTTAACGCCAAAGGTGCCTGGCGCCAGTTGACCCACCGCTTTCAGGGTTTCGCGCAC,,,,,,
B11,23,CGTCTGGTGTTCCATAATTGGGTGAAAGATGAATTTGCGAAAGGTGCCTGGTTCTTTAGTCGCCCGGGTATGGTG,,,,,,
B12,24,AATCCGAGTTCGCAAACACCACGCCACCATGCTTTTCACGCAGGCCCTGCAGGCATTCCGACACCATACCCGGGC,,,,,,
C1,25,GTTTGCGAACTCGGATTGGGCGCTGGGTTGGCGCAGCTTTATCGATGGCGCGATTGAAGAAGGCACTCGCGCTG,,,,,,
C2,26,TTTGGATCCTTATAAGCGCGCTTTCACTTCGCGTTTGGTGCCCAATTCCTCCAGCACAACGCGGGCAGCGCGAGTGCCTT,,,,,,
C3,27,GCGCTTATAAGGATCCAAACTCGAGTAAGG,,,,,,
C4,28,CCTTACTCGAGTTTGGATCC,,,,,,
C5,5-primer,,,,,,,
